EQUIPE,RODADA,JOGADOR,POSIÇÃO,PONTUAÇÃO,CAPITÃO,TIME
Gigante de JF,RODADA 33,RICHARD,GOLEIRO,-4.20,NÃO,CEARÁ
Gigante de JF,RODADA 33,CALEGARI,LATERAL,5.80,NÃO,FLUMINENSE
Gigante de JF,RODADA 33,GUILHERME ARANA,LATERAL,12.60,NÃO,ATLÉTICO MINEIRO
Gigante de JF,RODADA 33,LUCCAS CLARO,ZAGUEIRO,5.60,NÃO,FLUMINENSE
Gigante de JF,RODADA 33,JÚNIOR ALONSO,ZAGUEIRO,4.60,NÃO,ATLÉTICO MINEIRO
Gigante de JF,RODADA 33,EDENÍLSON,MEIA,9.80,NÃO,INTERNACIONAL
Gigante de JF,RODADA 33,HYORAN,MEIA,6.70,NÃO,ATLÉTICO MINEIRO
Gigante de JF,RODADA 33,VINA,MEIA,8.00,SIM,CEARÁ
Gigante de JF,RODADA 33,EDUARDO SASHA,ATACANTE,1.80,NÃO,ATLÉTICO MINEIRO
Gigante de JF,RODADA 33,CANO,ATACANTE,1.50,NÃO,VASCO
Gigante de JF,RODADA 33,YURI ALBERTO,ATACANTE,-0.20,NÃO,INTERNACIONAL
Gigante de JF,RODADA 33,GUTO FERREIRA,TÉCNICO,2.41,NÃO,CEARÁ
Gigante de JF,RODADA 32,JEAN,GOLEIRO,23.20,NÃO,ATLÉTICO GOIANIENSE
Gigante de JF,RODADA 32,CALEGARI,LATERAL,5.40,NÃO,FLUMINENSE
Gigante de JF,RODADA 32,FÁBIO SANTOS,LATERAL,1.40,NÃO,CORINTHIANS
Gigante de JF,RODADA 32,LUCCAS CLARO,ZAGUEIRO,6.00,NÃO,FLUMINENSE
Gigante de JF,RODADA 32,LUAN PERES,ZAGUEIRO,0.70,NÃO,SANTOS
Gigante de JF,RODADA 32,CAZARES,MEIA,1.20,NÃO,CORINTHIANS
Gigante de JF,RODADA 32,EVERTON RIBEIRO,MEIA,0.80,NÃO,FLAMENGO
Gigante de JF,RODADA 32,HYORAN,MEIA,11.40,NÃO,ATLÉTICO MINEIRO
Gigante de JF,RODADA 32,GUSTAVO MOSQUITO,ATACANTE,2.00,NÃO,CORINTHIANS
Gigante de JF,RODADA 32,LUCIANO,ATACANTE,6.50,NÃO,SÃO PAULO
Gigante de JF,RODADA 32,MARINHO,ATACANTE,30.20,SIM,SANTOS
Gigante de JF,RODADA 32,VAGNER MANCINI,TÉCNICO,1.11,NÃO,CORINTHIANS
Gigante de JF,RODADA 31,WEVERTON,GOLEIRO,3.10,NÃO,PALMEIRAS
Gigante de JF,RODADA 31,ISLA,LATERAL,4.30,NÃO,FLAMENGO
Gigante de JF,RODADA 31,FÁBIO SANTOS,LATERAL,5.80,NÃO,CORINTHIANS
Gigante de JF,RODADA 31,JEMERSON,ZAGUEIRO,6.60,NÃO,CORINTHIANS
Gigante de JF,RODADA 31,LÉO ORTIZ,ZAGUEIRO,3.50,NÃO,BRAGANTINO
Gigante de JF,RODADA 31,RAPHAEL VEIGA,MEIA,-1.00,NÃO,PALMEIRAS
Gigante de JF,RODADA 31,VINA,MEIA,25.40,NÃO,CEARÁ
Gigante de JF,RODADA 31,CAZARES,MEIA,7.70,NÃO,CORINTHIANS
Gigante de JF,RODADA 31,DIEGO SOUZA,ATACANTE,-0.10,NÃO,GRÊMIO
Gigante de JF,RODADA 31,CLAUDINHO,ATACANTE,46.40,SIM,BRAGANTINO
Gigante de JF,RODADA 31,LUIZ ADRIANO,ATACANTE,1.90,NÃO,PALMEIRAS
Gigante de JF,RODADA 31,VAGNER MANCINI,TÉCNICO,7.94,NÃO,CORINTHIANS
Gigante de JF,RODADA 30,VLADIMIR,GOLEIRO,1.80,NÃO,SANTOS
Gigante de JF,RODADA 30,SAMUEL XAVIER,LATERAL,0.80,NÃO,CEARÁ
Gigante de JF,RODADA 30,CALEGARI,LATERAL,7.40,NÃO,FLUMINENSE
Gigante de JF,RODADA 30,RÉVER,ZAGUEIRO,-0.20,NÃO,ATLÉTICO MINEIRO
Gigante de JF,RODADA 30,VÍCTOR CUESTA,ZAGUEIRO,3.80,NÃO,INTERNACIONAL
Gigante de JF,RODADA 30,HYORAN,MEIA,12.80,NÃO,ATLÉTICO MINEIRO
Gigante de JF,RODADA 30,DIEGO PITUCA,MEIA,8.60,NÃO,SANTOS
Gigante de JF,RODADA 30,VINA,MEIA,-0.30,NÃO,CEARÁ
Gigante de JF,RODADA 30,MARINHO,ATACANTE,24.40,SIM,SANTOS
Gigante de JF,RODADA 30,KAIO JORGE,ATACANTE,0.70,NÃO,SANTOS
Gigante de JF,RODADA 30,CANO,ATACANTE,3.80,NÃO,VASCO
Gigante de JF,RODADA 30,GLAUBER RAMOS,TÉCNICO,0.30,NÃO,GOIÁS
Gigante de JF,RODADA 29,JEAN,GOLEIRO,5.10,NÃO,ATLÉTICO GOIANIENSE
Gigante de JF,RODADA 29,GUILHERME ARANA,LATERAL,9.80,NÃO,ATLÉTICO MINEIRO
Gigante de JF,RODADA 29,FILIPE LUÍS,LATERAL,-0.20,NÃO,FLAMENGO
Gigante de JF,RODADA 29,NATAN,ZAGUEIRO,0.00,NÃO,FLAMENGO
Gigante de JF,RODADA 29,DAVID BRAZ,ZAGUEIRO,0.00,NÃO,GRÊMIO
Gigante de JF,RODADA 29,GABRIEL SARA,MEIA,5.60,NÃO,SÃO PAULO
Gigante de JF,RODADA 29,EVERTON RIBEIRO,MEIA,2.20,NÃO,FLAMENGO
Gigante de JF,RODADA 29,THIAGO GALHARDO,MEIA,1.20,NÃO,INTERNACIONAL
Gigante de JF,RODADA 29,BRUNO HENRIQUE,ATACANTE,1.60,NÃO,FLAMENGO
Gigante de JF,RODADA 29,BRENNER,ATACANTE,9.60,SIM,SÃO PAULO
Gigante de JF,RODADA 29,VARGAS,ATACANTE,4.00,NÃO,ATLÉTICO MINEIRO
Gigante de JF,RODADA 29,FERNANDO DINIZ,TÉCNICO,1.78,NÃO,SÃO PAULO
Gigante de JF,RODADA 28,WILSON,GOLEIRO,-0.50,NÃO,CORITIBA
Gigante de JF,RODADA 28,REINALDO,LATERAL,3.40,NÃO,SÃO PAULO
Gigante de JF,RODADA 28,FILIPE LUÍS,LATERAL,1.40,NÃO,FLAMENGO
Gigante de JF,RODADA 28,BRUNO ALVES,ZAGUEIRO,0.90,NÃO,SÃO PAULO
Gigante de JF,RODADA 28,KANNEMANN,ZAGUEIRO,2.90,NÃO,GRÊMIO
Gigante de JF,RODADA 28,ALISSON,MEIA,1.60,NÃO,GRÊMIO
Gigante de JF,RODADA 28,EVERTON RIBEIRO,MEIA,7.20,NÃO,FLAMENGO
Gigante de JF,RODADA 28,VINA,MEIA,2.40,NÃO,CEARÁ
Gigante de JF,RODADA 28,BRENNER,ATACANTE,-1.00,NÃO,SÃO PAULO
Gigante de JF,RODADA 28,GABRIEL,ATACANTE,2.90,NÃO,FLAMENGO
Gigante de JF,RODADA 28,PEPÊ,ATACANTE,4.60,SIM,GRÊMIO
Gigante de JF,RODADA 28,FERNANDO DINIZ,TÉCNICO,2.47,NÃO,SÃO PAULO
Gigante de JF,RODADA 27,JOHN VICTOR,GOLEIRO,5.50,NÃO,SANTOS
Gigante de JF,RODADA 27,VIÑA,LATERAL,8.40,NÃO,PALMEIRAS
Gigante de JF,RODADA 27,GUILHERME ARANA,LATERAL,9.90,NÃO,ATLÉTICO MINEIRO
Gigante de JF,RODADA 27,RÉVER,ZAGUEIRO,7.70,NÃO,ATLÉTICO MINEIRO
Gigante de JF,RODADA 27,GUSTAVO GÓMEZ,ZAGUEIRO,0.00,NÃO,PALMEIRAS
Gigante de JF,RODADA 27,CAZARES,MEIA,9.70,NÃO,CORINTHIANS
Gigante de JF,RODADA 27,EVERTON RIBEIRO,MEIA,5.00,NÃO,FLAMENGO
Gigante de JF,RODADA 27,GABRIEL SARA,MEIA,2.30,NÃO,SÃO PAULO
Gigante de JF,RODADA 27,MARINHO,ATACANTE,26.20,SIM,SANTOS
Gigante de JF,RODADA 27,PEDRO,ATACANTE,-2.60,NÃO,FLAMENGO
Gigante de JF,RODADA 27,VARGAS,ATACANTE,2.10,NÃO,ATLÉTICO MINEIRO
Gigante de JF,RODADA 27,CUCA,TÉCNICO,3.97,NÃO,SANTOS
Gigante de JF,RODADA 26,CÁSSIO,GOLEIRO,1.40,NÃO,CORINTHIANS
Gigante de JF,RODADA 26,FÁBIO SANTOS,LATERAL,1.50,NÃO,CORINTHIANS
Gigante de JF,RODADA 26,FILIPE LUÍS,LATERAL,6.50,NÃO,FLAMENGO
Gigante de JF,RODADA 26,LÉO ORTIZ,ZAGUEIRO,0.70,NÃO,BRAGANTINO
Gigante de JF,RODADA 26,SABINO,ZAGUEIRO,-0.60,NÃO,CORITIBA
Gigante de JF,RODADA 26,EVERTON RIBEIRO,MEIA,-0.50,NÃO,FLAMENGO
Gigante de JF,RODADA 26,VINA,MEIA,6.70,NÃO,CEARÁ
Gigante de JF,RODADA 26,RAPHAEL VEIGA,MEIA,1.80,NÃO,PALMEIRAS
Gigante de JF,RODADA 26,CLAUDINHO,ATACANTE,6.50,NÃO,BRAGANTINO
Gigante de JF,RODADA 26,CANO,ATACANTE,0.30,NÃO,VASCO
Gigante de JF,RODADA 26,GABRIEL,ATACANTE,-9.80,SIM,FLAMENGO
Gigante de JF,RODADA 26,ABEL FERREIRA,TÉCNICO,1.37,NÃO,PALMEIRAS
Gigante de JF,RODADA 25,MARCELO LOMBA,GOLEIRO,-3.00,NÃO,INTERNACIONAL
Gigante de JF,RODADA 25,LÉO ORTIZ,ZAGUEIRO,2.90,NÃO,BRAGANTINO
Gigante de JF,RODADA 25,VÍCTOR CUESTA,ZAGUEIRO,0.90,NÃO,INTERNACIONAL
Gigante de JF,RODADA 25,GUSTAVO GÓMEZ,ZAGUEIRO,5.90,NÃO,PALMEIRAS
Gigante de JF,RODADA 25,EVERTON RIBEIRO,MEIA,1.60,NÃO,FLAMENGO
Gigante de JF,RODADA 25,RAPHAEL VEIGA,MEIA,14.20,NÃO,PALMEIRAS
Gigante de JF,RODADA 25,FERNANDO SOBRAL,MEIA,1.20,NÃO,CEARÁ
Gigante de JF,RODADA 25,PATRICK,MEIA,10.80,NÃO,INTERNACIONAL
Gigante de JF,RODADA 25,LUCIANO,ATACANTE,1.80,NÃO,SÃO PAULO
Gigante de JF,RODADA 25,CLAUDINHO,ATACANTE,7.70,NÃO,BRAGANTINO
Gigante de JF,RODADA 25,GABRIEL VERON,ATACANTE,0.00,SIM,PALMEIRAS
Gigante de JF,RODADA 25,ABEL FERREIRA,TÉCNICO,9.97,NÃO,PALMEIRAS
Gigante de JF,RODADA 24,JEAN,GOLEIRO,-2.30,NÃO,ATLÉTICO GOIANIENSE
Gigante de JF,RODADA 24,FILIPE LUÍS,LATERAL,5.80,NÃO,FLAMENGO
Gigante de JF,RODADA 24,CALEGARI,LATERAL,6.80,NÃO,FLUMINENSE
Gigante de JF,RODADA 24,DAVID BRAZ,ZAGUEIRO,6.80,NÃO,GRÊMIO
Gigante de JF,RODADA 24,BRUNO ALVES,ZAGUEIRO,7.70,NÃO,SÃO PAULO
Gigante de JF,RODADA 24,ARRASCAETA,MEIA,1.50,NÃO,FLAMENGO
Gigante de JF,RODADA 24,EVERTON RIBEIRO,MEIA,10.10,NÃO,FLAMENGO
Gigante de JF,RODADA 24,GABRIEL SARA,MEIA,3.00,NÃO,SÃO PAULO
Gigante de JF,RODADA 24,MARINHO,ATACANTE,13.60,NÃO,SANTOS
Gigante de JF,RODADA 24,LUCIANO,ATACANTE,24.00,SIM,SÃO PAULO
Gigante de JF,RODADA 24,PEPÊ,ATACANTE,9.00,NÃO,GRÊMIO
Gigante de JF,RODADA 24,FERNANDO DINIZ,TÉCNICO,4.93,NÃO,SÃO PAULO
Gigante de JF,RODADA 23,WEVERTON,GOLEIRO,8.00,NÃO,PALMEIRAS
Gigante de JF,RODADA 23,PARÁ,LATERAL,2.10,NÃO,SANTOS
Gigante de JF,RODADA 23,CALEGARI,LATERAL,14.50,NÃO,FLUMINENSE
Gigante de JF,RODADA 23,GUSTAVO GÓMEZ,ZAGUEIRO,6.30,NÃO,PALMEIRAS
Gigante de JF,RODADA 23,MIRANDA,ZAGUEIRO,-1.20,NÃO,VASCO
Gigante de JF,RODADA 23,NENÊ,MEIA,1.20,NÃO,FLUMINENSE
Gigante de JF,RODADA 23,ZÉ RAFAEL,MEIA,1.10,NÃO,PALMEIRAS
Gigante de JF,RODADA 23,THIAGO GALHARDO,MEIA,-2.40,NÃO,INTERNACIONAL
Gigante de JF,RODADA 23,MARINHO,ATACANTE,36.40,SIM,SANTOS
Gigante de JF,RODADA 23,BRENNER,ATACANTE,3.80,NÃO,SÃO PAULO
Gigante de JF,RODADA 23,CANO,ATACANTE,0.00,NÃO,VASCO
Gigante de JF,RODADA 23,ABEL FERREIRA,TÉCNICO,8.62,NÃO,PALMEIRAS
Gigante de JF,RODADA 22,WEVERTON,GOLEIRO,0.20,NÃO,PALMEIRAS
Gigante de JF,RODADA 22,REINALDO,LATERAL,2.50,NÃO,SÃO PAULO
Gigante de JF,RODADA 22,GUILHERME ARANA,LATERAL,1.50,NÃO,ATLÉTICO MINEIRO
Gigante de JF,RODADA 22,BRUNO ALVES,ZAGUEIRO,4.50,NÃO,SÃO PAULO
Gigante de JF,RODADA 22,VÍCTOR CUESTA,ZAGUEIRO,3.20,NÃO,INTERNACIONAL
Gigante de JF,RODADA 22,EVERTON RIBEIRO,MEIA,5.70,NÃO,FLAMENGO
Gigante de JF,RODADA 22,THIAGO NEVES,MEIA,0.90,NÃO,SPORT
Gigante de JF,RODADA 22,GABRIEL SARA,MEIA,6.40,NÃO,SÃO PAULO
Gigante de JF,RODADA 22,LUIZ ADRIANO,ATACANTE,2.20,NÃO,PALMEIRAS
Gigante de JF,RODADA 22,BRENNER,ATACANTE,6.00,SIM,SÃO PAULO
Gigante de JF,RODADA 22,KENO,ATACANTE,9.70,NÃO,ATLÉTICO MINEIRO
Gigante de JF,RODADA 22,ABEL FERREIRA,TÉCNICO,1.36,NÃO,PALMEIRAS
Gigante de JF,RODADA 21,WILSON,GOLEIRO,-4.30,NÃO,CORITIBA
Gigante de JF,RODADA 21,IAGO MAIDANA,ZAGUEIRO,1.10,NÃO,SPORT
Gigante de JF,RODADA 21,SABINO,ZAGUEIRO,-0.10,NÃO,CORITIBA
Gigante de JF,RODADA 21,DAVID BRAZ,ZAGUEIRO,1.00,NÃO,GRÊMIO
Gigante de JF,RODADA 21,THIAGO GALHARDO,MEIA,4.20,NÃO,INTERNACIONAL
Gigante de JF,RODADA 21,RAPHAEL VEIGA,MEIA,18.30,NÃO,PALMEIRAS
Gigante de JF,RODADA 21,GIOVANNI AUGUSTO,MEIA,4.50,NÃO,CORITIBA
Gigante de JF,RODADA 21,THIAGO NEVES,MEIA,-1.10,NÃO,SPORT
Gigante de JF,RODADA 21,PEPÊ,ATACANTE,8.70,NÃO,GRÊMIO
Gigante de JF,RODADA 21,MARINHO,ATACANTE,10.00,SIM,SANTOS
Gigante de JF,RODADA 21,BRENNER,ATACANTE,2.10,NÃO,SÃO PAULO
Gigante de JF,RODADA 21,JAIR VENTURA,TÉCNICO,1.72,NÃO,SPORT
Gigante de JF,RODADA 20,MARCELO LOMBA,GOLEIRO,-5.00,NÃO,INTERNACIONAL
Gigante de JF,RODADA 20,GUILHERME ARANA,LATERAL,7.40,NÃO,ATLÉTICO MINEIRO
Gigante de JF,RODADA 20,REINALDO,LATERAL,0.40,NÃO,SÃO PAULO
Gigante de JF,RODADA 20,VÍCTOR CUESTA,ZAGUEIRO,0.60,NÃO,INTERNACIONAL
Gigante de JF,RODADA 20,DIEGO,ZAGUEIRO,0.40,NÃO,SÃO PAULO
Gigante de JF,RODADA 20,EVERTON RIBEIRO,MEIA,-0.30,NÃO,FLAMENGO
Gigante de JF,RODADA 20,PATRICK,MEIA,7.30,NÃO,INTERNACIONAL
Gigante de JF,RODADA 20,VINA,MEIA,0.00,NÃO,CEARÁ
Gigante de JF,RODADA 20,PEDRO,ATACANTE,3.10,NÃO,FLAMENGO
Gigante de JF,RODADA 20,KENO,ATACANTE,8.70,NÃO,ATLÉTICO MINEIRO
Gigante de JF,RODADA 20,BRENNER,ATACANTE,25.40,SIM,SÃO PAULO
Gigante de JF,RODADA 20,FERNANDO DINIZ,TÉCNICO,4.38,NÃO,SÃO PAULO
Gigante de JF,RODADA 19,JOÃO PAULO,GOLEIRO,7.40,NÃO,SANTOS
Gigante de JF,RODADA 19,GUILHERME ARANA,LATERAL,1.30,NÃO,ATLÉTICO MINEIRO
Gigante de JF,RODADA 19,FILIPE LUÍS,LATERAL,-1.10,NÃO,FLAMENGO
Gigante de JF,RODADA 19,DAVID BRAZ,ZAGUEIRO,12.50,NÃO,GRÊMIO
Gigante de JF,RODADA 19,LUCAS VERÍSSIMO,ZAGUEIRO,0.90,NÃO,SANTOS
Gigante de JF,RODADA 19,EVERTON RIBEIRO,MEIA,2.30,NÃO,FLAMENGO
Gigante de JF,RODADA 19,THIAGO NEVES,MEIA,8.80,NÃO,SPORT
Gigante de JF,RODADA 19,THIAGO GALHARDO,MEIA,-4.60,NÃO,INTERNACIONAL
Gigante de JF,RODADA 19,MARINHO,ATACANTE,28.60,SIM,SANTOS
Gigante de JF,RODADA 19,BRUNO HENRIQUE,ATACANTE,-0.60,NÃO,FLAMENGO
Gigante de JF,RODADA 19,PEDRO,ATACANTE,5.90,NÃO,FLAMENGO
Gigante de JF,RODADA 19,DOMÈNEC TORRENT,TÉCNICO,1.55,NÃO,FLAMENGO
Gigante de JF,RODADA 18,EVERSON,GOLEIRO,4.80,NÃO,ATLÉTICO MINEIRO
Gigante de JF,RODADA 18,GUILHERME ARANA,LATERAL,6.80,NÃO,ATLÉTICO MINEIRO
Gigante de JF,RODADA 18,FILIPE LUÍS,LATERAL,8.10,NÃO,FLAMENGO
Gigante de JF,RODADA 18,LÉO ORTIZ,ZAGUEIRO,6.50,NÃO,BRAGANTINO
Gigante de JF,RODADA 18,RÉVER,ZAGUEIRO,6.10,NÃO,ATLÉTICO MINEIRO
Gigante de JF,RODADA 18,EVERTON RIBEIRO,MEIA,8.10,NÃO,FLAMENGO
Gigante de JF,RODADA 18,THIAGO GALHARDO,MEIA,8.00,NÃO,INTERNACIONAL
Gigante de JF,RODADA 18,NENÊ,MEIA,0.50,NÃO,FLUMINENSE
Gigante de JF,RODADA 18,KENO,ATACANTE,13.00,SIM,ATLÉTICO MINEIRO
Gigante de JF,RODADA 18,SAVARINO,ATACANTE,4.10,NÃO,ATLÉTICO MINEIRO
Gigante de JF,RODADA 18,CLAUDINHO,ATACANTE,12.20,NÃO,BRAGANTINO
Gigante de JF,RODADA 18,GUTO FERREIRA,TÉCNICO,3.79,NÃO,CEARÁ
Gigante de JF,RODADA 17,MARCELO LOMBA,GOLEIRO,4.40,NÃO,INTERNACIONAL
Gigante de JF,RODADA 17,VICTOR LUIS,LATERAL,6.40,NÃO,BOTAFOGO
Gigante de JF,RODADA 17,REINALDO,LATERAL,5.50,NÃO,SÃO PAULO
Gigante de JF,RODADA 17,MARCELO BENEVENUTO,ZAGUEIRO,4.40,NÃO,BOTAFOGO
Gigante de JF,RODADA 17,VÍCTOR CUESTA,ZAGUEIRO,3.50,NÃO,INTERNACIONAL
Gigante de JF,RODADA 17,PATRICK,MEIA,2.60,NÃO,INTERNACIONAL
Gigante de JF,RODADA 17,NENÊ,MEIA,-0.20,NÃO,FLUMINENSE
Gigante de JF,RODADA 17,THIAGO GALHARDO,MEIA,33.00,SIM,INTERNACIONAL
Gigante de JF,RODADA 17,WELLINGTON PAULISTA,ATACANTE,0.90,NÃO,FORTALEZA
Gigante de JF,RODADA 17,LUCIANO,ATACANTE,2.70,NÃO,SÃO PAULO
Gigante de JF,RODADA 17,KENO,ATACANTE,7.40,NÃO,ATLÉTICO MINEIRO
Gigante de JF,RODADA 17,ROGÉRIO CENI,TÉCNICO,7.49,NÃO,FORTALEZA
Gigante de JF,RODADA 16,JOÃO PAULO,GOLEIRO,-2.60,NÃO,SANTOS
Gigante de JF,RODADA 16,GUILHERME ARANA,LATERAL,10.70,NÃO,ATLÉTICO MINEIRO
Gigante de JF,RODADA 16,RAMON,LATERAL,0.00,NÃO,FLAMENGO
Gigante de JF,RODADA 16,LUAN PERES,ZAGUEIRO,1.60,NÃO,SANTOS
Gigante de JF,RODADA 16,RÉVER,ZAGUEIRO,0.30,NÃO,ATLÉTICO MINEIRO
Gigante de JF,RODADA 16,EVERTON RIBEIRO,MEIA,0.30,NÃO,FLAMENGO
Gigante de JF,RODADA 16,NATHAN,MEIA,4.00,NÃO,ATLÉTICO MINEIRO
Gigante de JF,RODADA 16,THIAGO GALHARDO,MEIA,6.70,NÃO,INTERNACIONAL
Gigante de JF,RODADA 16,MATHEUS HENRIQUE,MEIA,0.00,NÃO,GRÊMIO
Gigante de JF,RODADA 16,KENO,ATACANTE,5.80,SIM,ATLÉTICO MINEIRO
Gigante de JF,RODADA 16,PEPÊ,ATACANTE,21.20,NÃO,GRÊMIO
Gigante de JF,RODADA 16,DOMÈNEC TORRENT,TÉCNICO,2.85,NÃO,FLAMENGO
Gigante de JF,RODADA 15,MARCELO LOMBA,GOLEIRO,5.00,NÃO,INTERNACIONAL
Gigante de JF,RODADA 15,CALEGARI,LATERAL,0.00,NÃO,FLUMINENSE
Gigante de JF,RODADA 15,GUILHERME ARANA,LATERAL,7.80,NÃO,ATLÉTICO MINEIRO
Gigante de JF,RODADA 15,VÍCTOR CUESTA,ZAGUEIRO,1.20,NÃO,INTERNACIONAL
Gigante de JF,RODADA 15,RÉVER,ZAGUEIRO,6.50,NÃO,ATLÉTICO MINEIRO
Gigante de JF,RODADA 15,NENÊ,MEIA,10.60,NÃO,FLUMINENSE
Gigante de JF,RODADA 15,THIAGO GALHARDO,MEIA,19.80,SIM,INTERNACIONAL
Gigante de JF,RODADA 15,PATRICK DE PAULA,MEIA,1.60,NÃO,PALMEIRAS
Gigante de JF,RODADA 15,KENO,ATACANTE,21.10,NÃO,ATLÉTICO MINEIRO
Gigante de JF,RODADA 15,PEDRO,ATACANTE,0.40,NÃO,FLAMENGO
Gigante de JF,RODADA 15,FRED,ATACANTE,0.10,NÃO,FLUMINENSE
Gigante de JF,RODADA 15,JORGE SAMPAOLI,TÉCNICO,8.19,NÃO,ATLÉTICO MINEIRO
Gigante de JF,RODADA 14,VANDERLEI,GOLEIRO,-2.50,NÃO,GRÊMIO
Gigante de JF,RODADA 14,REINALDO,LATERAL,3.50,NÃO,SÃO PAULO
Gigante de JF,RODADA 14,FILIPE LUÍS,LATERAL,5.40,NÃO,FLAMENGO
Gigante de JF,RODADA 14,DAVID BRAZ,ZAGUEIRO,10.40,NÃO,GRÊMIO
Gigante de JF,RODADA 14,NATAN,ZAGUEIRO,4.80,NÃO,FLAMENGO
Gigante de JF,RODADA 14,THIAGO GALHARDO,MEIA,19.20,NÃO,INTERNACIONAL
Gigante de JF,RODADA 14,GERSON,MEIA,2.70,NÃO,FLAMENGO
Gigante de JF,RODADA 14,NENÊ,MEIA,7.00,NÃO,FLUMINENSE
Gigante de JF,RODADA 14,KENO,ATACANTE,-1.80,NÃO,ATLÉTICO MINEIRO
Gigante de JF,RODADA 14,PEPÊ,ATACANTE,7.90,NÃO,GRÊMIO
Gigante de JF,RODADA 14,PEDRO,ATACANTE,36.20,SIM,FLAMENGO
Gigante de JF,RODADA 14,JORGE SAMPAOLI,TÉCNICO,1.26,NÃO,ATLÉTICO MINEIRO
Gigante de JF,RODADA 13,WEVERTON,GOLEIRO,5.30,NÃO,PALMEIRAS
Gigante de JF,RODADA 13,VIÑA,LATERAL,8.80,NÃO,PALMEIRAS
Gigante de JF,RODADA 13,OREJUELA,LATERAL,0.50,NÃO,GRÊMIO
Gigante de JF,RODADA 13,FELIPE MELO,ZAGUEIRO,1.00,NÃO,PALMEIRAS
Gigante de JF,RODADA 13,NATAN,ZAGUEIRO,6.30,NÃO,FLAMENGO
Gigante de JF,RODADA 13,THIAGO GALHARDO,MEIA,8.90,NÃO,INTERNACIONAL
Gigante de JF,RODADA 13,ALISSON,MEIA,2.20,NÃO,GRÊMIO
Gigante de JF,RODADA 13,GERSON,MEIA,1.30,NÃO,FLAMENGO
Gigante de JF,RODADA 13,PEPÊ,ATACANTE,12.80,NÃO,GRÊMIO
Gigante de JF,RODADA 13,KENO,ATACANTE,19.80,SIM,ATLÉTICO MINEIRO
Gigante de JF,RODADA 13,WELLINGTON PAULISTA,ATACANTE,1.10,NÃO,FORTALEZA
Gigante de JF,RODADA 13,ROGÉRIO CENI,TÉCNICO,3.90,NÃO,FORTALEZA
Gigante de JF,RODADA 12,FERNANDO MIGUEL,GOLEIRO,8.80,NÃO,VASCO
Gigante de JF,RODADA 12,MOISÉS,LATERAL,4.50,NÃO,INTERNACIONAL
Gigante de JF,RODADA 12,HENRIQUE,LATERAL,2.80,NÃO,VASCO
Gigante de JF,RODADA 12,RODRIGO MOLEDO,ZAGUEIRO,1.30,NÃO,INTERNACIONAL
Gigante de JF,RODADA 12,MIRANDA,ZAGUEIRO,0.70,NÃO,VASCO
Gigante de JF,RODADA 12,NENÊ,MEIA,10.40,SIM,FLUMINENSE
Gigante de JF,RODADA 12,NATHAN,MEIA,1.30,NÃO,ATLÉTICO MINEIRO
Gigante de JF,RODADA 12,THIAGO GALHARDO,MEIA,9.90,NÃO,INTERNACIONAL
Gigante de JF,RODADA 12,BOSCHILIA,MEIA,4.90,NÃO,INTERNACIONAL
Gigante de JF,RODADA 12,KENO,ATACANTE,29.20,NÃO,ATLÉTICO MINEIRO
Gigante de JF,RODADA 12,CANO,ATACANTE,2.80,NÃO,VASCO
Gigante de JF,RODADA 12,RAMON MENEZES,TÉCNICO,2.95,NÃO,VASCO
Gigante de JF,RODADA 11,FERNANDO MIGUEL,GOLEIRO,-2.50,NÃO,VASCO
Gigante de JF,RODADA 11,VICTOR LUIS,LATERAL,4.20,NÃO,BOTAFOGO
Gigante de JF,RODADA 11,CALEGARI,LATERAL,4.30,NÃO,FLUMINENSE
Gigante de JF,RODADA 11,IAGO MAIDANA,ZAGUEIRO,5.90,NÃO,SPORT
Gigante de JF,RODADA 11,RÉVER,ZAGUEIRO,0.90,NÃO,ATLÉTICO MINEIRO
Gigante de JF,RODADA 11,ALISSON,MEIA,5.40,NÃO,GRÊMIO
Gigante de JF,RODADA 11,MATHEUS HENRIQUE,MEIA,0.90,NÃO,GRÊMIO
Gigante de JF,RODADA 11,CARLOS SÁNCHEZ,MEIA,4.20,NÃO,SANTOS
Gigante de JF,RODADA 11,WELLINGTON PAULISTA,ATACANTE,1.20,SIM,FORTALEZA
Gigante de JF,RODADA 11,MARINHO,ATACANTE,4.30,NÃO,SANTOS
Gigante de JF,RODADA 11,KENO,ATACANTE,26.60,NÃO,ATLÉTICO MINEIRO
Gigante de JF,RODADA 11,ROGÉRIO CENI,TÉCNICO,4.57,NÃO,FORTALEZA
Gigante de JF,RODADA 10,PAULO VICTOR,GOLEIRO,0.00,NÃO,GRÊMIO
Gigante de JF,RODADA 10,VIÑA,LATERAL,0.20,NÃO,PALMEIRAS
Gigante de JF,RODADA 10,CALEGARI,LATERAL,5.20,NÃO,FLUMINENSE
Gigante de JF,RODADA 10,THIAGO HELENO,ZAGUEIRO,9.50,NÃO,ATHLÉTICO PARANAENSE
Gigante de JF,RODADA 10,JÚNIOR ALONSO,ZAGUEIRO,1.30,NÃO,ATLÉTICO MINEIRO
Gigante de JF,RODADA 10,RODRIGUINHO,MEIA,3.00,SIM,BAHIA
Gigante de JF,RODADA 10,PATRICK DE PAULA,MEIA,0.00,NÃO,PALMEIRAS
Gigante de JF,RODADA 10,NENÊ,MEIA,16.50,NÃO,FLUMINENSE
Gigante de JF,RODADA 10,KENO,ATACANTE,4.70,NÃO,ATLÉTICO MINEIRO
Gigante de JF,RODADA 10,MARINHO,ATACANTE,10.10,NÃO,SANTOS
Gigante de JF,RODADA 10,SOTELDO,ATACANTE,2.00,NÃO,SANTOS
Gigante de JF,RODADA 10,DOMÈNEC TORRENT,TÉCNICO,2.57,NÃO,FLAMENGO
Gigante de JF,RODADA 9,MARCELO LOMBA,GOLEIRO,3.40,NÃO,INTERNACIONAL
Gigante de JF,RODADA 9,REINALDO,LATERAL,1.40,NÃO,SÃO PAULO
Gigante de JF,RODADA 9,FILIPE LUÍS,LATERAL,8.80,NÃO,FLAMENGO
Gigante de JF,RODADA 9,MIRANDA,ZAGUEIRO,1.50,NÃO,VASCO
Gigante de JF,RODADA 9,VÍCTOR CUESTA,ZAGUEIRO,4.00,NÃO,INTERNACIONAL
Gigante de JF,RODADA 9,EVERTON RIBEIRO,MEIA,5.60,NÃO,FLAMENGO
Gigante de JF,RODADA 9,BENÍTEZ,MEIA,0.00,NÃO,VASCO
Gigante de JF,RODADA 9,THIAGO GALHARDO,MEIA,21.10,NÃO,INTERNACIONAL
Gigante de JF,RODADA 9,JUNINHO,MEIA,2.10,NÃO,FORTALEZA
Gigante de JF,RODADA 9,WELLINGTON PAULISTA,ATACANTE,20.60,SIM,FORTALEZA
Gigante de JF,RODADA 9,CANO,ATACANTE,7.60,NÃO,VASCO
Gigante de JF,RODADA 9,ROGÉRIO CENI,TÉCNICO,3.57,NÃO,FORTALEZA
Gigante de JF,RODADA 8,MARCELO LOMBA,GOLEIRO,-4.90,NÃO,INTERNACIONAL
Gigante de JF,RODADA 8,FAGNER,LATERAL,9.40,NÃO,CORINTHIANS
Gigante de JF,RODADA 8,LUCAS PITON,LATERAL,3.40,NÃO,CORINTHIANS
Gigante de JF,RODADA 8,LÉO PEREIRA,ZAGUEIRO,0.00,NÃO,FLAMENGO
Gigante de JF,RODADA 8,MIRANDA,ZAGUEIRO,6.20,NÃO,VASCO
Gigante de JF,RODADA 8,PATRICK,MEIA,11.90,NÃO,INTERNACIONAL
Gigante de JF,RODADA 8,EVERTON RIBEIRO,MEIA,6.90,NÃO,FLAMENGO
Gigante de JF,RODADA 8,THIAGO GALHARDO,MEIA,15.00,NÃO,INTERNACIONAL
Gigante de JF,RODADA 8,CANTILLO,MEIA,-2.80,NÃO,CORINTHIANS
Gigante de JF,RODADA 8,LUCIANO,ATACANTE,10.50,NÃO,SÃO PAULO
Gigante de JF,RODADA 8,CANO,ATACANTE,17.80,SIM,VASCO
Gigante de JF,RODADA 8,DOMÈNEC TORRENT,TÉCNICO,3.98,NÃO,FLAMENGO
Gigante de JF,RODADA 7,VANDERLEI,GOLEIRO,-4.10,NÃO,GRÊMIO
Gigante de JF,RODADA 7,ABNER VINÍCIUS,LATERAL,2.10,NÃO,ATHLÉTICO PARANAENSE
Gigante de JF,RODADA 7,CALEGARI,LATERAL,4.70,NÃO,FLUMINENSE
Gigante de JF,RODADA 7,PEDRO GEROMEL,ZAGUEIRO,3.80,NÃO,GRÊMIO
Gigante de JF,RODADA 7,NINO,ZAGUEIRO,-2.40,NÃO,FLUMINENSE
Gigante de JF,RODADA 7,ALLAN,MEIA,2.50,NÃO,ATLÉTICO MINEIRO
Gigante de JF,RODADA 7,JEAN PYERRE,MEIA,4.60,NÃO,GRÊMIO
Gigante de JF,RODADA 7,NENÊ,MEIA,5.70,NÃO,FLUMINENSE
Gigante de JF,RODADA 7,EVANILSON,ATACANTE,7.20,NÃO,FLUMINENSE
Gigante de JF,RODADA 7,DIEGO SOUZA,ATACANTE,1.40,SIM,GRÊMIO
Gigante de JF,RODADA 7,SOTELDO,ATACANTE,9.20,NÃO,SANTOS
Gigante de JF,RODADA 7,ODAIR HELLMANN,TÉCNICO,3.08,NÃO,FLUMINENSE
Gigante de JF,RODADA 6,CÁSSIO,GOLEIRO,-0.80,NÃO,CORINTHIANS
Gigante de JF,RODADA 6,CALEGARI,LATERAL,-0.20,NÃO,FLUMINENSE
Gigante de JF,RODADA 6,VIÑA,LATERAL,0.00,NÃO,PALMEIRAS
Gigante de JF,RODADA 6,GIL,ZAGUEIRO,-0.50,NÃO,CORINTHIANS
Gigante de JF,RODADA 6,QUINTERO,ZAGUEIRO,4.50,NÃO,FORTALEZA
Gigante de JF,RODADA 6,PATRICK,MEIA,2.80,NÃO,INTERNACIONAL
Gigante de JF,RODADA 6,CARLOS SÁNCHEZ,MEIA,2.00,NÃO,SANTOS
Gigante de JF,RODADA 6,PATRICK DE PAULA,MEIA,0.90,NÃO,PALMEIRAS
Gigante de JF,RODADA 6,NENÊ,MEIA,2.90,NÃO,FLUMINENSE
Gigante de JF,RODADA 6,MARINHO,ATACANTE,13.80,SIM,SANTOS
Gigante de JF,RODADA 6,CANO,ATACANTE,0.50,NÃO,VASCO
Gigante de JF,RODADA 6,ROGÉRIO CENI,TÉCNICO,6.98,NÃO,FORTALEZA
Gigante de JF,RODADA 5,SANTOS,GOLEIRO,1.50,NÃO,ATHLÉTICO PARANAENSE
Gigante de JF,RODADA 5,FAGNER,LATERAL,3.70,NÃO,CORINTHIANS
Gigante de JF,RODADA 5,HENRIQUE,LATERAL,5.00,NÃO,VASCO
Gigante de JF,RODADA 5,GIL,ZAGUEIRO,2.00,NÃO,CORINTHIANS
Gigante de JF,RODADA 5,VÍCTOR CUESTA,ZAGUEIRO,7.50,NÃO,INTERNACIONAL
Gigante de JF,RODADA 5,CANTILLO,MEIA,2.80,NÃO,CORINTHIANS
Gigante de JF,RODADA 5,GABRIEL MENINO,MEIA,2.50,NÃO,PALMEIRAS
Gigante de JF,RODADA 5,MATHEUS JESUS,MEIA,-2.70,NÃO,BRAGANTINO
Gigante de JF,RODADA 5,THIAGO GALHARDO,MEIA,9.00,NÃO,INTERNACIONAL
Gigante de JF,RODADA 5,JÔ,ATACANTE,1.20,SIM,CORINTHIANS
Gigante de JF,RODADA 5,ARTUR,ATACANTE,2.80,NÃO,BRAGANTINO
Gigante de JF,RODADA 5,FELIPE CONCEIÇÃO,TÉCNICO,1.88,NÃO,BRAGANTINO
Gigante de JF,RODADA 4,CÁSSIO,GOLEIRO,-2.10,NÃO,CORINTHIANS
Gigante de JF,RODADA 4,FILIPE LUÍS,LATERAL,0.00,NÃO,FLAMENGO
Gigante de JF,RODADA 4,SIDCLEY,LATERAL,2.50,NÃO,CORINTHIANS
Gigante de JF,RODADA 4,VÍCTOR CUESTA,ZAGUEIRO,5.60,NÃO,INTERNACIONAL
Gigante de JF,RODADA 4,GIL,ZAGUEIRO,-0.40,NÃO,CORINTHIANS
Gigante de JF,RODADA 4,WILLIAN ARÃO,MEIA,0.10,NÃO,FLAMENGO
Gigante de JF,RODADA 4,CANTILLO,MEIA,0.60,NÃO,CORINTHIANS
Gigante de JF,RODADA 4,IGOR GOMES,MEIA,-0.20,NÃO,SÃO PAULO
Gigante de JF,RODADA 4,JÔ,ATACANTE,7.10,NÃO,CORINTHIANS
Gigante de JF,RODADA 4,GABRIEL,ATACANTE,6.70,NÃO,FLAMENGO
Gigante de JF,RODADA 4,PABLO,ATACANTE,3.20,SIM,SÃO PAULO
Gigante de JF,RODADA 4,JORGE SAMPAOLI,TÉCNICO,4.03,NÃO,ATLÉTICO MINEIRO
Gigante de JF,RODADA 3,WEVERTON,GOLEIRO,-2.50,NÃO,PALMEIRAS
Gigante de JF,RODADA 3,OREJUELA,LATERAL,5.40,NÃO,GRÊMIO
Gigante de JF,RODADA 3,FILIPE LUÍS,LATERAL,8.50,NÃO,FLAMENGO
Gigante de JF,RODADA 3,RÉVER,ZAGUEIRO,5.00,NÃO,ATLÉTICO MINEIRO
Gigante de JF,RODADA 3,PEDRO GEROMEL,ZAGUEIRO,7.10,NÃO,GRÊMIO
Gigante de JF,RODADA 3,GABRIEL MENINO,MEIA,11.20,NÃO,PALMEIRAS
Gigante de JF,RODADA 3,RODRIGUINHO,MEIA,0.00,SIM,BAHIA
Gigante de JF,RODADA 3,CARLOS SÁNCHEZ,MEIA,2.50,NÃO,SANTOS
Gigante de JF,RODADA 3,NENÊ,MEIA,16.90,NÃO,FLUMINENSE
Gigante de JF,RODADA 3,SOTELDO,ATACANTE,10.70,NÃO,SANTOS
Gigante de JF,RODADA 3,DIEGO SOUZA,ATACANTE,-1.20,NÃO,GRÊMIO
Gigante de JF,RODADA 3,VAGNER MANCINI,TÉCNICO,2.98,NÃO,ATLÉTICO GOIANIENSE
Gigante de JF,RODADA 2,SANTOS,GOLEIRO,-2.80,NÃO,ATHLÉTICO PARANAENSE
Gigante de JF,RODADA 2,RAFINHA,LATERAL,-0.90,NÃO,
Gigante de JF,RODADA 2,OREJUELA,LATERAL,2.30,NÃO,GRÊMIO
Gigante de JF,RODADA 2,VÍCTOR CUESTA,ZAGUEIRO,8.90,NÃO,INTERNACIONAL
Gigante de JF,RODADA 2,ARBOLEDA,ZAGUEIRO,4.50,NÃO,SÃO PAULO
Gigante de JF,RODADA 2,ALLAN,MEIA,1.40,NÃO,ATLÉTICO MINEIRO
Gigante de JF,RODADA 2,WILLIAN ARÃO,MEIA,-0.20,NÃO,FLAMENGO
Gigante de JF,RODADA 2,PATRICK DE PAULA,MEIA,-0.60,NÃO,PALMEIRAS
Gigante de JF,RODADA 2,EVERTON RIBEIRO,MEIA,-0.70,NÃO,FLAMENGO
Gigante de JF,RODADA 2,PABLO,ATACANTE,3.00,SIM,SÃO PAULO
Gigante de JF,RODADA 2,GABRIEL,ATACANTE,2.90,NÃO,FLAMENGO
Gigante de JF,RODADA 2,ROGER MACHADO,TÉCNICO,5.87,NÃO,BAHIA
Gigante de JF,RODADA 1,CÁSSIO,GOLEIRO,0.00,SIM,CORINTHIANS
Gigante de JF,RODADA 1,VICTOR LUIS,LATERAL,0.00,NÃO,BOTAFOGO
Gigante de JF,RODADA 1,FAGNER,LATERAL,0.00,NÃO,CORINTHIANS
Gigante de JF,RODADA 1,GIL,ZAGUEIRO,0.00,NÃO,CORINTHIANS
Gigante de JF,RODADA 1,PEDRO GEROMEL,ZAGUEIRO,8.30,NÃO,GRÊMIO
Gigante de JF,RODADA 1,GABRIEL,MEIA,0.00,NÃO,CORINTHIANS
Gigante de JF,RODADA 1,WILLIAN ARÃO,MEIA,5.20,NÃO,FLAMENGO
Gigante de JF,RODADA 1,MATHEUS JESUS,MEIA,1.90,NÃO,BRAGANTINO
Gigante de JF,RODADA 1,EVERTON RIBEIRO,MEIA,4.50,NÃO,FLAMENGO
Gigante de JF,RODADA 1,DIEGO SOUZA,ATACANTE,9.60,NÃO,GRÊMIO
Gigante de JF,RODADA 1,GABRIEL,ATACANTE,3.00,NÃO,FLAMENGO
Gigante de JF,RODADA 1,ROGÉRIO CENI,TÉCNICO,-0.57,NÃO,FORTALEZA
Vanculotte Atiantino,RODADA 33,TADEU,GOLEIRO,-2.40,NÃO,GOIÁS
Vanculotte Atiantino,RODADA 33,TIAGO,ZAGUEIRO,1.70,NÃO,CEARÁ
Vanculotte Atiantino,RODADA 33,JÚNIOR ALONSO,ZAGUEIRO,4.60,NÃO,ATLÉTICO MINEIRO
Vanculotte Atiantino,RODADA 33,DAVID BRAZ,ZAGUEIRO,-1.00,NÃO,GRÊMIO
Vanculotte Atiantino,RODADA 33,VINA,MEIA,4.00,NÃO,CEARÁ
Vanculotte Atiantino,RODADA 33,ARRASCAETA,MEIA,7.20,NÃO,FLAMENGO
Vanculotte Atiantino,RODADA 33,HYORAN,MEIA,6.70,NÃO,ATLÉTICO MINEIRO
Vanculotte Atiantino,RODADA 33,PATRICK,MEIA,9.60,NÃO,INTERNACIONAL
Vanculotte Atiantino,RODADA 33,CLAUDINHO,ATACANTE,1.10,NÃO,BRAGANTINO
Vanculotte Atiantino,RODADA 33,CANO,ATACANTE,1.50,NÃO,VASCO
Vanculotte Atiantino,RODADA 33,YURI ALBERTO,ATACANTE,-0.40,SIM,INTERNACIONAL
Vanculotte Atiantino,RODADA 33,JORGE SAMPAOLI,TÉCNICO,5.68,NÃO,ATLÉTICO MINEIRO
Vanculotte Atiantino,RODADA 32,JEAN,GOLEIRO,23.20,NÃO,ATLÉTICO GOIANIENSE
Vanculotte Atiantino,RODADA 32,REINALDO,LATERAL,1.40,NÃO,SÃO PAULO
Vanculotte Atiantino,RODADA 32,GUILHERME ARANA,LATERAL,-0.30,NÃO,ATLÉTICO MINEIRO
Vanculotte Atiantino,RODADA 32,GIL,ZAGUEIRO,4.10,NÃO,CORINTHIANS
Vanculotte Atiantino,RODADA 32,LUAN PERES,ZAGUEIRO,0.70,NÃO,SANTOS
Vanculotte Atiantino,RODADA 32,HYORAN,MEIA,11.40,NÃO,ATLÉTICO MINEIRO
Vanculotte Atiantino,RODADA 32,CAZARES,MEIA,1.20,NÃO,CORINTHIANS
Vanculotte Atiantino,RODADA 32,FERNANDO SOBRAL,MEIA,4.00,NÃO,CEARÁ
Vanculotte Atiantino,RODADA 32,ARRASCAETA,MEIA,5.30,NÃO,FLAMENGO
Vanculotte Atiantino,RODADA 32,LUCIANO,ATACANTE,13.00,SIM,SÃO PAULO
Vanculotte Atiantino,RODADA 32,RENATO KAYZER,ATACANTE,9.10,NÃO,ATHLÉTICO PARANAENSE
Vanculotte Atiantino,RODADA 32,FERNANDO DINIZ,TÉCNICO,2.25,NÃO,SÃO PAULO
Vanculotte Atiantino,RODADA 31,JEAN,GOLEIRO,12.70,NÃO,ATLÉTICO GOIANIENSE
Vanculotte Atiantino,RODADA 31,FÁBIO SANTOS,LATERAL,5.80,NÃO,CORINTHIANS
Vanculotte Atiantino,RODADA 31,CALEGARI,LATERAL,3.70,NÃO,FLUMINENSE
Vanculotte Atiantino,RODADA 31,JEMERSON,ZAGUEIRO,6.60,NÃO,CORINTHIANS
Vanculotte Atiantino,RODADA 31,PEDRO HENRIQUE,ZAGUEIRO,5.50,NÃO,ATHLÉTICO PARANAENSE
Vanculotte Atiantino,RODADA 31,VINA,MEIA,25.40,NÃO,CEARÁ
Vanculotte Atiantino,RODADA 31,CAZARES,MEIA,7.70,NÃO,CORINTHIANS
Vanculotte Atiantino,RODADA 31,RAUL,MEIA,6.50,NÃO,BRAGANTINO
Vanculotte Atiantino,RODADA 31,GUSTAVO MOSQUITO,ATACANTE,10.40,NÃO,CORINTHIANS
Vanculotte Atiantino,RODADA 31,RENATO KAYZER,ATACANTE,-0.10,NÃO,ATHLÉTICO PARANAENSE
Vanculotte Atiantino,RODADA 31,CLAUDINHO,ATACANTE,46.40,SIM,BRAGANTINO
Vanculotte Atiantino,RODADA 31,VAGNER MANCINI,TÉCNICO,7.94,NÃO,CORINTHIANS
Vanculotte Atiantino,RODADA 30,FERNANDO MIGUEL,GOLEIRO,-2.30,NÃO,VASCO
Vanculotte Atiantino,RODADA 30,YAGO PIKACHU,LATERAL,3.00,NÃO,VASCO
Vanculotte Atiantino,RODADA 30,CALEGARI,LATERAL,7.40,NÃO,FLUMINENSE
Vanculotte Atiantino,RODADA 30,LEANDRO CASTAN,ZAGUEIRO,-0.40,NÃO,VASCO
Vanculotte Atiantino,RODADA 30,JÚNIOR ALONSO,ZAGUEIRO,11.10,NÃO,ATLÉTICO MINEIRO
Vanculotte Atiantino,RODADA 30,PATRICK,MEIA,8.00,NÃO,INTERNACIONAL
Vanculotte Atiantino,RODADA 30,FERNANDO SOBRAL,MEIA,3.70,NÃO,CEARÁ
Vanculotte Atiantino,RODADA 30,ARRASCAETA,MEIA,12.20,NÃO,FLAMENGO
Vanculotte Atiantino,RODADA 30,MARINHO,ATACANTE,24.40,SIM,SANTOS
Vanculotte Atiantino,RODADA 30,CANO,ATACANTE,3.80,NÃO,VASCO
Vanculotte Atiantino,RODADA 30,BRENNER,ATACANTE,0.80,NÃO,SÃO PAULO
Vanculotte Atiantino,RODADA 30,ABEL BRAGA,TÉCNICO,4.55,NÃO,INTERNACIONAL
Vanculotte Atiantino,RODADA 29,PAULO VICTOR,GOLEIRO,8.40,NÃO,GRÊMIO
Vanculotte Atiantino,RODADA 29,GUILHERME ARANA,LATERAL,9.80,NÃO,ATLÉTICO MINEIRO
Vanculotte Atiantino,RODADA 29,MOISÉS,LATERAL,5.40,NÃO,INTERNACIONAL
Vanculotte Atiantino,RODADA 29,DAVID BRAZ,ZAGUEIRO,0.00,NÃO,GRÊMIO
Vanculotte Atiantino,RODADA 29,RODRIGO MOLEDO,ZAGUEIRO,5.40,NÃO,INTERNACIONAL
Vanculotte Atiantino,RODADA 29,THIAGO GALHARDO,MEIA,2.40,SIM,INTERNACIONAL
Vanculotte Atiantino,RODADA 29,ALISSON,MEIA,1.30,NÃO,GRÊMIO
Vanculotte Atiantino,RODADA 29,PATRICK,MEIA,2.60,NÃO,INTERNACIONAL
Vanculotte Atiantino,RODADA 29,KENO,ATACANTE,1.00,NÃO,ATLÉTICO MINEIRO
Vanculotte Atiantino,RODADA 29,BRENNER,ATACANTE,4.80,NÃO,SÃO PAULO
Vanculotte Atiantino,RODADA 29,CLAUDINHO,ATACANTE,4.10,NÃO,BRAGANTINO
Vanculotte Atiantino,RODADA 29,ABEL BRAGA,TÉCNICO,6.01,NÃO,INTERNACIONAL
Vanculotte Atiantino,RODADA 28,TADEU,GOLEIRO,0.10,NÃO,GOIÁS
Vanculotte Atiantino,RODADA 28,KANNEMANN,ZAGUEIRO,2.90,NÃO,GRÊMIO
Vanculotte Atiantino,RODADA 28,RODRIGO CAIO,ZAGUEIRO,1.80,NÃO,FLAMENGO
Vanculotte Atiantino,RODADA 28,BRUNO ALVES,ZAGUEIRO,0.90,NÃO,SÃO PAULO
Vanculotte Atiantino,RODADA 28,PATRICK,MEIA,4.60,NÃO,INTERNACIONAL
Vanculotte Atiantino,RODADA 28,ALISSON,MEIA,1.60,NÃO,GRÊMIO
Vanculotte Atiantino,RODADA 28,ARRASCAETA,MEIA,16.30,NÃO,FLAMENGO
Vanculotte Atiantino,RODADA 28,JEAN PYERRE,MEIA,-0.50,NÃO,GRÊMIO
Vanculotte Atiantino,RODADA 28,BRUNO HENRIQUE,ATACANTE,1.40,NÃO,FLAMENGO
Vanculotte Atiantino,RODADA 28,PEPÊ,ATACANTE,4.60,SIM,GRÊMIO
Vanculotte Atiantino,RODADA 28,GABRIEL,ATACANTE,2.90,NÃO,FLAMENGO
Vanculotte Atiantino,RODADA 28,ROGÉRIO CENI,TÉCNICO,3.65,NÃO,FLAMENGO
Vanculotte Atiantino,RODADA 27,SANTOS,GOLEIRO,3.40,NÃO,ATHLÉTICO PARANAENSE
Vanculotte Atiantino,RODADA 27,GUILHERME ARANA,LATERAL,9.90,NÃO,ATLÉTICO MINEIRO
Vanculotte Atiantino,RODADA 27,VIÑA,LATERAL,8.40,NÃO,PALMEIRAS
Vanculotte Atiantino,RODADA 27,JÚNIOR ALONSO,ZAGUEIRO,10.30,NÃO,ATLÉTICO MINEIRO
Vanculotte Atiantino,RODADA 27,GIL,ZAGUEIRO,6.70,NÃO,CORINTHIANS
Vanculotte Atiantino,RODADA 27,VINA,MEIA,0.00,NÃO,CEARÁ
Vanculotte Atiantino,RODADA 27,THIAGO GALHARDO,MEIA,11.30,NÃO,INTERNACIONAL
Vanculotte Atiantino,RODADA 27,OTERO,MEIA,3.40,NÃO,CORINTHIANS
Vanculotte Atiantino,RODADA 27,ARRASCAETA,MEIA,3.10,NÃO,FLAMENGO
Vanculotte Atiantino,RODADA 27,MARINHO,ATACANTE,26.20,SIM,SANTOS
Vanculotte Atiantino,RODADA 27,KENO,ATACANTE,4.80,NÃO,ATLÉTICO MINEIRO
Vanculotte Atiantino,RODADA 27,VAGNER MANCINI,TÉCNICO,7.06,NÃO,CORINTHIANS
Vanculotte Atiantino,RODADA 26,WILSON,GOLEIRO,-0.40,NÃO,CORITIBA
Vanculotte Atiantino,RODADA 26,VIÑA,LATERAL,-2.20,NÃO,PALMEIRAS
Vanculotte Atiantino,RODADA 26,FÁBIO SANTOS,LATERAL,1.50,NÃO,CORINTHIANS
Vanculotte Atiantino,RODADA 26,SABINO,ZAGUEIRO,-0.60,NÃO,CORITIBA
Vanculotte Atiantino,RODADA 26,KANNEMANN,ZAGUEIRO,-5.40,NÃO,GRÊMIO
Vanculotte Atiantino,RODADA 26,GIOVANNI AUGUSTO,MEIA,1.00,NÃO,CORITIBA
Vanculotte Atiantino,RODADA 26,ARRASCAETA,MEIA,11.80,SIM,FLAMENGO
Vanculotte Atiantino,RODADA 26,MATHEUS GALDEZANI,MEIA,0.20,NÃO,CORITIBA
Vanculotte Atiantino,RODADA 26,PEPÊ,ATACANTE,9.10,NÃO,GRÊMIO
Vanculotte Atiantino,RODADA 26,CLAUDINHO,ATACANTE,6.50,NÃO,BRAGANTINO
Vanculotte Atiantino,RODADA 26,BRUNO HENRIQUE,ATACANTE,17.30,NÃO,FLAMENGO
Vanculotte Atiantino,RODADA 26,ROGÉRIO CENI,TÉCNICO,6.64,NÃO,FLAMENGO
Vanculotte Atiantino,RODADA 25,WEVERTON,GOLEIRO,12.50,NÃO,PALMEIRAS
Vanculotte Atiantino,RODADA 25,VIÑA,LATERAL,6.40,NÃO,PALMEIRAS
Vanculotte Atiantino,RODADA 25,GUILHERME ARANA,LATERAL,5.00,NÃO,ATLÉTICO MINEIRO
Vanculotte Atiantino,RODADA 25,GUSTAVO GÓMEZ,ZAGUEIRO,5.90,NÃO,PALMEIRAS
Vanculotte Atiantino,RODADA 25,DAVID BRAZ,ZAGUEIRO,0.00,NÃO,GRÊMIO
Vanculotte Atiantino,RODADA 25,ARRASCAETA,MEIA,0.40,NÃO,FLAMENGO
Vanculotte Atiantino,RODADA 25,THIAGO GALHARDO,MEIA,3.40,SIM,INTERNACIONAL
Vanculotte Atiantino,RODADA 25,FERNANDO SOBRAL,MEIA,1.20,NÃO,CEARÁ
Vanculotte Atiantino,RODADA 25,RAPHAEL VEIGA,MEIA,14.20,NÃO,PALMEIRAS
Vanculotte Atiantino,RODADA 25,LUCIANO,ATACANTE,1.80,NÃO,SÃO PAULO
Vanculotte Atiantino,RODADA 25,KENO,ATACANTE,5.20,NÃO,ATLÉTICO MINEIRO
Vanculotte Atiantino,RODADA 25,ABEL FERREIRA,TÉCNICO,9.97,NÃO,PALMEIRAS
Vanculotte Atiantino,RODADA 24,TIAGO VOLPI,GOLEIRO,4.70,NÃO,SÃO PAULO
Vanculotte Atiantino,RODADA 24,CALEGARI,LATERAL,6.80,NÃO,FLUMINENSE
Vanculotte Atiantino,RODADA 24,GUILHERME ARANA,LATERAL,2.60,NÃO,ATLÉTICO MINEIRO
Vanculotte Atiantino,RODADA 24,RÉVER,ZAGUEIRO,0.30,NÃO,ATLÉTICO MINEIRO
Vanculotte Atiantino,RODADA 24,SABINO,ZAGUEIRO,7.20,NÃO,CORITIBA
Vanculotte Atiantino,RODADA 24,ARRASCAETA,MEIA,1.50,NÃO,FLAMENGO
Vanculotte Atiantino,RODADA 24,MATHEUS GALDEZANI,MEIA,5.90,NÃO,CORITIBA
Vanculotte Atiantino,RODADA 24,VINA,MEIA,9.40,NÃO,CEARÁ
Vanculotte Atiantino,RODADA 24,BRUNO HENRIQUE,ATACANTE,8.60,SIM,FLAMENGO
Vanculotte Atiantino,RODADA 24,LUCIANO,ATACANTE,12.00,NÃO,SÃO PAULO
Vanculotte Atiantino,RODADA 24,KENO,ATACANTE,6.30,NÃO,ATLÉTICO MINEIRO
Vanculotte Atiantino,RODADA 24,FERNANDO DINIZ,TÉCNICO,4.93,NÃO,SÃO PAULO
Vanculotte Atiantino,RODADA 23,JEAN,GOLEIRO,15.50,NÃO,ATLÉTICO GOIANIENSE
Vanculotte Atiantino,RODADA 23,OREJUELA,LATERAL,0.00,NÃO,GRÊMIO
Vanculotte Atiantino,RODADA 23,FELIPE JONATAN,LATERAL,-0.90,NÃO,SANTOS
Vanculotte Atiantino,RODADA 23,SABINO,ZAGUEIRO,0.00,NÃO,CORITIBA
Vanculotte Atiantino,RODADA 23,RICARDO,ZAGUEIRO,0.80,NÃO,VASCO
Vanculotte Atiantino,RODADA 23,MATHEUS GALDEZANI,MEIA,0.00,NÃO,CORITIBA
Vanculotte Atiantino,RODADA 23,RAUL,MEIA,3.30,NÃO,BRAGANTINO
Vanculotte Atiantino,RODADA 23,FERNANDO SOBRAL,MEIA,0.00,NÃO,CEARÁ
Vanculotte Atiantino,RODADA 23,THIAGO GALHARDO,MEIA,-2.40,NÃO,INTERNACIONAL
Vanculotte Atiantino,RODADA 23,GIOVANNI AUGUSTO,MEIA,0.00,NÃO,CORITIBA
Vanculotte Atiantino,RODADA 23,MARINHO,ATACANTE,36.40,SIM,SANTOS
Vanculotte Atiantino,RODADA 23,CUCA,TÉCNICO,4.37,NÃO,SANTOS
Vanculotte Atiantino,RODADA 22,JEAN,GOLEIRO,3.90,NÃO,ATLÉTICO GOIANIENSE
Vanculotte Atiantino,RODADA 22,FELIPE JONATAN,LATERAL,0.00,NÃO,SANTOS
Vanculotte Atiantino,RODADA 22,OREJUELA,LATERAL,6.40,NÃO,GRÊMIO
Vanculotte Atiantino,RODADA 22,SABINO,ZAGUEIRO,-3.00,NÃO,CORITIBA
Vanculotte Atiantino,RODADA 22,RICARDO,ZAGUEIRO,1.50,NÃO,VASCO
Vanculotte Atiantino,RODADA 22,MATHEUS GALDEZANI,MEIA,2.00,NÃO,CORITIBA
Vanculotte Atiantino,RODADA 22,GIOVANNI AUGUSTO,MEIA,7.40,NÃO,CORITIBA
Vanculotte Atiantino,RODADA 22,THIAGO GALHARDO,MEIA,-0.60,NÃO,INTERNACIONAL
Vanculotte Atiantino,RODADA 22,RAUL,MEIA,0.00,NÃO,BRAGANTINO
Vanculotte Atiantino,RODADA 22,FERNANDO SOBRAL,MEIA,3.50,NÃO,CEARÁ
Vanculotte Atiantino,RODADA 22,MARINHO,ATACANTE,-2.60,SIM,SANTOS
Vanculotte Atiantino,RODADA 22,CUCA,TÉCNICO,1.78,NÃO,SANTOS
Vanculotte Atiantino,RODADA 21,JEAN,GOLEIRO,13.90,NÃO,ATLÉTICO GOIANIENSE
Vanculotte Atiantino,RODADA 21,OREJUELA,LATERAL,0.00,NÃO,GRÊMIO
Vanculotte Atiantino,RODADA 21,FELIPE JONATAN,LATERAL,5.70,NÃO,SANTOS
Vanculotte Atiantino,RODADA 21,SABINO,ZAGUEIRO,-0.10,NÃO,CORITIBA
Vanculotte Atiantino,RODADA 21,RICARDO,ZAGUEIRO,6.90,NÃO,VASCO
Vanculotte Atiantino,RODADA 21,RAUL,MEIA,4.90,NÃO,BRAGANTINO
Vanculotte Atiantino,RODADA 21,THIAGO GALHARDO,MEIA,4.20,NÃO,INTERNACIONAL
Vanculotte Atiantino,RODADA 21,MATHEUS GALDEZANI,MEIA,0.00,NÃO,CORITIBA
Vanculotte Atiantino,RODADA 21,FERNANDO SOBRAL,MEIA,0.10,NÃO,CEARÁ
Vanculotte Atiantino,RODADA 21,GIOVANNI AUGUSTO,MEIA,4.50,NÃO,CORITIBA
Vanculotte Atiantino,RODADA 21,MARINHO,ATACANTE,10.00,SIM,SANTOS
Vanculotte Atiantino,RODADA 21,CUCA,TÉCNICO,6.55,NÃO,SANTOS
Vanculotte Atiantino,RODADA 20,JEAN,GOLEIRO,-1.60,NÃO,ATLÉTICO GOIANIENSE
Vanculotte Atiantino,RODADA 20,FELIPE JONATAN,LATERAL,2.60,NÃO,SANTOS
Vanculotte Atiantino,RODADA 20,OREJUELA,LATERAL,7.40,NÃO,GRÊMIO
Vanculotte Atiantino,RODADA 20,RICARDO,ZAGUEIRO,2.60,NÃO,VASCO
Vanculotte Atiantino,RODADA 20,SABINO,ZAGUEIRO,13.00,NÃO,CORITIBA
Vanculotte Atiantino,RODADA 20,FERNANDO SOBRAL,MEIA,4.20,NÃO,CEARÁ
Vanculotte Atiantino,RODADA 20,RAUL,MEIA,6.40,NÃO,BRAGANTINO
Vanculotte Atiantino,RODADA 20,GIOVANNI AUGUSTO,MEIA,17.00,NÃO,CORITIBA
Vanculotte Atiantino,RODADA 20,MATHEUS GALDEZANI,MEIA,0.00,NÃO,CORITIBA
Vanculotte Atiantino,RODADA 20,THIAGO GALHARDO,MEIA,0.00,NÃO,INTERNACIONAL
Vanculotte Atiantino,RODADA 20,MARINHO,ATACANTE,0.00,SIM,SANTOS
Vanculotte Atiantino,RODADA 20,CUCA,TÉCNICO,0.11,NÃO,SANTOS
Vanculotte Atiantino,RODADA 19,JEAN,GOLEIRO,-2.30,NÃO,ATLÉTICO GOIANIENSE
Vanculotte Atiantino,RODADA 19,FELIPE JONATAN,LATERAL,2.80,NÃO,SANTOS
Vanculotte Atiantino,RODADA 19,OREJUELA,LATERAL,12.30,NÃO,GRÊMIO
Vanculotte Atiantino,RODADA 19,RICARDO,ZAGUEIRO,-1.90,NÃO,VASCO
Vanculotte Atiantino,RODADA 19,SABINO,ZAGUEIRO,8.80,NÃO,CORITIBA
Vanculotte Atiantino,RODADA 19,FERNANDO SOBRAL,MEIA,0.80,NÃO,CEARÁ
Vanculotte Atiantino,RODADA 19,THIAGO GALHARDO,MEIA,-4.60,NÃO,INTERNACIONAL
Vanculotte Atiantino,RODADA 19,MATHEUS GALDEZANI,MEIA,10.00,NÃO,CORITIBA
Vanculotte Atiantino,RODADA 19,RAUL,MEIA,10.60,NÃO,BRAGANTINO
Vanculotte Atiantino,RODADA 19,GIOVANNI AUGUSTO,MEIA,6.70,NÃO,CORITIBA
Vanculotte Atiantino,RODADA 19,MARINHO,ATACANTE,28.60,SIM,SANTOS
Vanculotte Atiantino,RODADA 19,CUCA,TÉCNICO,5.06,NÃO,SANTOS
Vanculotte Atiantino,RODADA 18,FERNANDO PRASS,GOLEIRO,5.40,NÃO,CEARÁ
Vanculotte Atiantino,RODADA 18,GUILHERME ARANA,LATERAL,6.80,NÃO,ATLÉTICO MINEIRO
Vanculotte Atiantino,RODADA 18,VIÑA,LATERAL,7.90,NÃO,PALMEIRAS
Vanculotte Atiantino,RODADA 18,SABINO,ZAGUEIRO,1.10,NÃO,CORITIBA
Vanculotte Atiantino,RODADA 18,PEDRO GEROMEL,ZAGUEIRO,0.00,NÃO,GRÊMIO
Vanculotte Atiantino,RODADA 18,VINA,MEIA,12.00,NÃO,CEARÁ
Vanculotte Atiantino,RODADA 18,THIAGO GALHARDO,MEIA,16.00,SIM,INTERNACIONAL
Vanculotte Atiantino,RODADA 18,FERNANDO SOBRAL,MEIA,1.50,NÃO,CEARÁ
Vanculotte Atiantino,RODADA 18,ZÉ RAFAEL,MEIA,6.80,NÃO,PALMEIRAS
Vanculotte Atiantino,RODADA 18,MARINHO,ATACANTE,7.70,NÃO,SANTOS
Vanculotte Atiantino,RODADA 18,KENO,ATACANTE,6.50,NÃO,ATLÉTICO MINEIRO
Vanculotte Atiantino,RODADA 18,MAURÍCIO BARBIERI,TÉCNICO,5.15,NÃO,BRAGANTINO
Vanculotte Atiantino,RODADA 17,JEAN,GOLEIRO,4.80,NÃO,ATLÉTICO GOIANIENSE
Vanculotte Atiantino,RODADA 17,GUGA,LATERAL,0.60,NÃO,ATLÉTICO MINEIRO
Vanculotte Atiantino,RODADA 17,VICTOR LUIS,LATERAL,6.40,NÃO,BOTAFOGO
Vanculotte Atiantino,RODADA 17,DIGÃO,ZAGUEIRO,0.90,NÃO,FLUMINENSE
Vanculotte Atiantino,RODADA 17,KANU,ZAGUEIRO,7.50,NÃO,BOTAFOGO
Vanculotte Atiantino,RODADA 17,NATHAN,MEIA,1.00,NÃO,ATLÉTICO MINEIRO
Vanculotte Atiantino,RODADA 17,RAUL,MEIA,1.30,NÃO,BRAGANTINO
Vanculotte Atiantino,RODADA 17,OTERO,MEIA,-0.70,NÃO,CORINTHIANS
Vanculotte Atiantino,RODADA 17,THIAGO GALHARDO,MEIA,33.00,SIM,INTERNACIONAL
Vanculotte Atiantino,RODADA 17,KENO,ATACANTE,7.40,NÃO,ATLÉTICO MINEIRO
Vanculotte Atiantino,RODADA 17,BRENNER,ATACANTE,-0.80,NÃO,SÃO PAULO
Vanculotte Atiantino,RODADA 17,JORGE SAMPAOLI,TÉCNICO,3.19,NÃO,ATLÉTICO MINEIRO
Vanculotte Atiantino,RODADA 16,JOÃO PAULO,GOLEIRO,-2.60,NÃO,SANTOS
Vanculotte Atiantino,RODADA 16,PARÁ,LATERAL,0.70,NÃO,SANTOS
Vanculotte Atiantino,RODADA 16,FELIPE JONATAN,LATERAL,1.60,NÃO,SANTOS
Vanculotte Atiantino,RODADA 16,PEDRO HENRIQUE,ZAGUEIRO,0.60,NÃO,ATHLÉTICO PARANAENSE
Vanculotte Atiantino,RODADA 16,LUCAS VERÍSSIMO,ZAGUEIRO,0.00,NÃO,SANTOS
Vanculotte Atiantino,RODADA 16,NATHAN,MEIA,4.00,NÃO,ATLÉTICO MINEIRO
Vanculotte Atiantino,RODADA 16,THIAGO GALHARDO,MEIA,6.70,NÃO,INTERNACIONAL
Vanculotte Atiantino,RODADA 16,ALISSON,MEIA,9.30,NÃO,GRÊMIO
Vanculotte Atiantino,RODADA 16,RAPHAEL VEIGA,MEIA,-0.40,NÃO,PALMEIRAS
Vanculotte Atiantino,RODADA 16,MARINHO,ATACANTE,0.00,SIM,SANTOS
Vanculotte Atiantino,RODADA 16,LUIZ ADRIANO,ATACANTE,0.70,NÃO,PALMEIRAS
Vanculotte Atiantino,RODADA 16,JORGE SAMPAOLI,TÉCNICO,2.44,NÃO,ATLÉTICO MINEIRO
Vanculotte Atiantino,RODADA 15,FERNANDO PRASS,GOLEIRO,-2.20,NÃO,CEARÁ
Vanculotte Atiantino,RODADA 15,SABINO,ZAGUEIRO,6.60,NÃO,CORITIBA
Vanculotte Atiantino,RODADA 15,IGOR RABELLO,ZAGUEIRO,4.90,NÃO,ATLÉTICO MINEIRO
Vanculotte Atiantino,RODADA 15,VÍCTOR CUESTA,ZAGUEIRO,1.20,NÃO,INTERNACIONAL
Vanculotte Atiantino,RODADA 15,THIAGO GALHARDO,MEIA,19.80,SIM,INTERNACIONAL
Vanculotte Atiantino,RODADA 15,VINA,MEIA,2.30,NÃO,CEARÁ
Vanculotte Atiantino,RODADA 15,FERNANDO SOBRAL,MEIA,12.50,NÃO,CEARÁ
Vanculotte Atiantino,RODADA 15,BENÍTEZ,MEIA,6.30,NÃO,VASCO
Vanculotte Atiantino,RODADA 15,WILLIAN,ATACANTE,0.00,NÃO,PALMEIRAS
Vanculotte Atiantino,RODADA 15,KENO,ATACANTE,21.10,NÃO,ATLÉTICO MINEIRO
Vanculotte Atiantino,RODADA 15,CANO,ATACANTE,0.90,NÃO,VASCO
Vanculotte Atiantino,RODADA 15,EDUARDO COUDET,TÉCNICO,4.52,NÃO,INTERNACIONAL
Vanculotte Atiantino,RODADA 14,JOÃO PAULO,GOLEIRO,0.80,NÃO,SANTOS
Vanculotte Atiantino,RODADA 14,FELIPE JONATAN,LATERAL,6.30,NÃO,SANTOS
Vanculotte Atiantino,RODADA 14,DIOGO BARBOSA,LATERAL,9.90,NÃO,GRÊMIO
Vanculotte Atiantino,RODADA 14,RÉVER,ZAGUEIRO,2.10,NÃO,ATLÉTICO MINEIRO
Vanculotte Atiantino,RODADA 14,LEANDRO CASTAN,ZAGUEIRO,2.20,NÃO,VASCO
Vanculotte Atiantino,RODADA 14,THIAGO GALHARDO,MEIA,38.40,SIM,INTERNACIONAL
Vanculotte Atiantino,RODADA 14,FERNANDO SOBRAL,MEIA,1.60,NÃO,CEARÁ
Vanculotte Atiantino,RODADA 14,DANIEL ALVES,MEIA,0.30,NÃO,SÃO PAULO
Vanculotte Atiantino,RODADA 14,NENÊ,MEIA,7.00,NÃO,FLUMINENSE
Vanculotte Atiantino,RODADA 14,CANO,ATACANTE,0.30,NÃO,VASCO
Vanculotte Atiantino,RODADA 14,JÔ,ATACANTE,0.10,NÃO,CORINTHIANS
Vanculotte Atiantino,RODADA 14,JORGE SAMPAOLI,TÉCNICO,1.26,NÃO,ATLÉTICO MINEIRO
Vanculotte Atiantino,RODADA 13,VANDERLEI,GOLEIRO,-2.70,NÃO,GRÊMIO
Vanculotte Atiantino,RODADA 13,VIÑA,LATERAL,8.80,NÃO,PALMEIRAS
Vanculotte Atiantino,RODADA 13,GUILHERME ARANA,LATERAL,9.60,NÃO,ATLÉTICO MINEIRO
Vanculotte Atiantino,RODADA 13,GUSTAVO GÓMEZ,ZAGUEIRO,0.50,NÃO,PALMEIRAS
Vanculotte Atiantino,RODADA 13,DAVID BRAZ,ZAGUEIRO,1.10,NÃO,GRÊMIO
Vanculotte Atiantino,RODADA 13,ALISSON,MEIA,2.20,NÃO,GRÊMIO
Vanculotte Atiantino,RODADA 13,ARRASCAETA,MEIA,5.90,NÃO,FLAMENGO
Vanculotte Atiantino,RODADA 13,RAUL,MEIA,0.80,NÃO,BRAGANTINO
Vanculotte Atiantino,RODADA 13,WELLINGTON PAULISTA,ATACANTE,1.10,NÃO,FORTALEZA
Vanculotte Atiantino,RODADA 13,LUCIANO,ATACANTE,-0.40,NÃO,SÃO PAULO
Vanculotte Atiantino,RODADA 13,MARINHO,ATACANTE,18.40,SIM,SANTOS
Vanculotte Atiantino,RODADA 13,ROGÉRIO CENI,TÉCNICO,3.90,NÃO,FORTALEZA
Vanculotte Atiantino,RODADA 12,JEAN,GOLEIRO,1.80,NÃO,ATLÉTICO GOIANIENSE
Vanculotte Atiantino,RODADA 12,LEANDRO CASTAN,ZAGUEIRO,1.30,NÃO,VASCO
Vanculotte Atiantino,RODADA 12,VÍCTOR CUESTA,ZAGUEIRO,-0.60,NÃO,INTERNACIONAL
Vanculotte Atiantino,RODADA 12,JÚNIOR ALONSO,ZAGUEIRO,2.50,NÃO,ATLÉTICO MINEIRO
Vanculotte Atiantino,RODADA 12,NENÊ,MEIA,5.20,NÃO,FLUMINENSE
Vanculotte Atiantino,RODADA 12,FERNANDO SOBRAL,MEIA,7.50,NÃO,CEARÁ
Vanculotte Atiantino,RODADA 12,THIAGO GALHARDO,MEIA,9.90,NÃO,INTERNACIONAL
Vanculotte Atiantino,RODADA 12,BOSCHILIA,MEIA,4.90,NÃO,INTERNACIONAL
Vanculotte Atiantino,RODADA 12,CANO,ATACANTE,5.60,SIM,VASCO
Vanculotte Atiantino,RODADA 12,CLÉBER,ATACANTE,-1.70,NÃO,CEARÁ
Vanculotte Atiantino,RODADA 12,TALLES MAGNO,ATACANTE,0.70,NÃO,VASCO
Vanculotte Atiantino,RODADA 12,GUTO FERREIRA,TÉCNICO,4.43,NÃO,CEARÁ
Vanculotte Atiantino,RODADA 11,JOÃO PAULO,GOLEIRO,4.70,NÃO,SANTOS
Vanculotte Atiantino,RODADA 11,VIÑA,LATERAL,5.40,NÃO,PALMEIRAS
Vanculotte Atiantino,RODADA 11,MOISÉS,LATERAL,0.30,NÃO,INTERNACIONAL
Vanculotte Atiantino,RODADA 11,SABINO,ZAGUEIRO,6.10,NÃO,CORITIBA
Vanculotte Atiantino,RODADA 11,JÚNIOR ALONSO,ZAGUEIRO,1.20,NÃO,ATLÉTICO MINEIRO
Vanculotte Atiantino,RODADA 11,FERNANDO SOBRAL,MEIA,3.30,NÃO,CEARÁ
Vanculotte Atiantino,RODADA 11,PATRICK,MEIA,0.00,NÃO,INTERNACIONAL
Vanculotte Atiantino,RODADA 11,ALISSON,MEIA,5.40,NÃO,GRÊMIO
Vanculotte Atiantino,RODADA 11,EDSON,MEIA,2.30,NÃO,ATLÉTICO GOIANIENSE
Vanculotte Atiantino,RODADA 11,CANO,ATACANTE,5.80,SIM,VASCO
Vanculotte Atiantino,RODADA 11,MARINHO,ATACANTE,4.30,NÃO,SANTOS
Vanculotte Atiantino,RODADA 11,JORGE SAMPAOLI,TÉCNICO,5.19,NÃO,ATLÉTICO MINEIRO
Vanculotte Atiantino,RODADA 10,MATEUS CLAUS,GOLEIRO,0.00,NÃO,BAHIA
Vanculotte Atiantino,RODADA 10,NINO PARAÍBA,LATERAL,-0.70,NÃO,BAHIA
Vanculotte Atiantino,RODADA 10,GUILHERME ARANA,LATERAL,8.50,NÃO,ATLÉTICO MINEIRO
Vanculotte Atiantino,RODADA 10,JÚNIOR ALONSO,ZAGUEIRO,1.30,NÃO,ATLÉTICO MINEIRO
Vanculotte Atiantino,RODADA 10,JUNINHO,ZAGUEIRO,-2.00,NÃO,BAHIA
Vanculotte Atiantino,RODADA 10,FERNANDO SOBRAL,MEIA,3.00,NÃO,CEARÁ
Vanculotte Atiantino,RODADA 10,RODRIGUINHO,MEIA,1.50,NÃO,BAHIA
Vanculotte Atiantino,RODADA 10,OTERO,MEIA,4.30,NÃO,CORINTHIANS
Vanculotte Atiantino,RODADA 10,TALLES MAGNO,ATACANTE,3.90,NÃO,VASCO
Vanculotte Atiantino,RODADA 10,GILBERTO,ATACANTE,-0.50,NÃO,BAHIA
Vanculotte Atiantino,RODADA 10,EDUARDO SASHA,ATACANTE,-3.20,SIM,ATLÉTICO MINEIRO
Vanculotte Atiantino,RODADA 10,JORGE SAMPAOLI,TÉCNICO,4.22,NÃO,ATLÉTICO MINEIRO
Vanculotte Atiantino,RODADA 9,MARCELO LOMBA,GOLEIRO,3.40,NÃO,INTERNACIONAL
Vanculotte Atiantino,RODADA 9,SARAVIA,LATERAL,10.60,NÃO,INTERNACIONAL
Vanculotte Atiantino,RODADA 9,REINALDO,LATERAL,1.40,NÃO,SÃO PAULO
Vanculotte Atiantino,RODADA 9,VÍCTOR CUESTA,ZAGUEIRO,4.00,NÃO,INTERNACIONAL
Vanculotte Atiantino,RODADA 9,RAFAEL VAZ,ZAGUEIRO,-4.00,NÃO,GOIÁS
Vanculotte Atiantino,RODADA 9,DODI,MEIA,1.70,NÃO,FLUMINENSE
Vanculotte Atiantino,RODADA 9,THIAGO GALHARDO,MEIA,21.10,NÃO,INTERNACIONAL
Vanculotte Atiantino,RODADA 9,MATHEUS GALDEZANI,MEIA,2.90,NÃO,CORITIBA
Vanculotte Atiantino,RODADA 9,CANO,ATACANTE,7.60,NÃO,VASCO
Vanculotte Atiantino,RODADA 9,LUCIANO,ATACANTE,10.20,NÃO,SÃO PAULO
Vanculotte Atiantino,RODADA 9,WELLINGTON PAULISTA,ATACANTE,20.60,SIM,FORTALEZA
Vanculotte Atiantino,RODADA 9,ROGÉRIO CENI,TÉCNICO,3.57,NÃO,FORTALEZA
Vanculotte Atiantino,RODADA 8,JOÃO PAULO,GOLEIRO,16.00,NÃO,SANTOS
Vanculotte Atiantino,RODADA 8,SARAVIA,LATERAL,2.60,NÃO,INTERNACIONAL
Vanculotte Atiantino,RODADA 8,FILIPE LUÍS,LATERAL,0.10,NÃO,FLAMENGO
Vanculotte Atiantino,RODADA 8,PEDRO GEROMEL,ZAGUEIRO,-4.00,NÃO,GRÊMIO
Vanculotte Atiantino,RODADA 8,VÍCTOR CUESTA,ZAGUEIRO,-1.40,NÃO,INTERNACIONAL
Vanculotte Atiantino,RODADA 8,ALISSON,MEIA,7.20,NÃO,GRÊMIO
Vanculotte Atiantino,RODADA 8,THIAGO GALHARDO,MEIA,15.00,NÃO,INTERNACIONAL
Vanculotte Atiantino,RODADA 8,FERNANDO SOBRAL,MEIA,5.70,NÃO,CEARÁ
Vanculotte Atiantino,RODADA 8,EDUARDO SASHA,ATACANTE,8.20,NÃO,ATLÉTICO MINEIRO
Vanculotte Atiantino,RODADA 8,GABRIEL,ATACANTE,19.80,SIM,FLAMENGO
Vanculotte Atiantino,RODADA 8,LUCIANO,ATACANTE,10.50,NÃO,SÃO PAULO
Vanculotte Atiantino,RODADA 8,JAIR VENTURA,TÉCNICO,2.76,NÃO,SPORT
Vanculotte Atiantino,RODADA 7,MARCOS FELIPE,GOLEIRO,0.30,NÃO,FLUMINENSE
Vanculotte Atiantino,RODADA 7,PEDRO GEROMEL,ZAGUEIRO,3.80,NÃO,GRÊMIO
Vanculotte Atiantino,RODADA 7,RAFAEL VAZ,ZAGUEIRO,2.30,NÃO,GOIÁS
Vanculotte Atiantino,RODADA 7,DANILO AVELAR,ZAGUEIRO,7.70,NÃO,CORINTHIANS
Vanculotte Atiantino,RODADA 7,NENÊ,MEIA,5.70,NÃO,FLUMINENSE
Vanculotte Atiantino,RODADA 7,FERNANDO SOBRAL,MEIA,3.30,NÃO,CEARÁ
Vanculotte Atiantino,RODADA 7,ALISSON,MEIA,1.60,NÃO,GRÊMIO
Vanculotte Atiantino,RODADA 7,THIAGO GALHARDO,MEIA,8.80,NÃO,INTERNACIONAL
Vanculotte Atiantino,RODADA 7,DIEGO SOUZA,ATACANTE,0.70,NÃO,GRÊMIO
Vanculotte Atiantino,RODADA 7,MARINHO,ATACANTE,23.00,SIM,SANTOS
Vanculotte Atiantino,RODADA 7,EVANILSON,ATACANTE,7.20,NÃO,FLUMINENSE
Vanculotte Atiantino,RODADA 7,PAULO AUTUORI,TÉCNICO,4.51,NÃO,BOTAFOGO
Vanculotte Atiantino,RODADA 6,WILSON,GOLEIRO,12.60,NÃO,CORITIBA
Vanculotte Atiantino,RODADA 6,SABINO,ZAGUEIRO,16.20,NÃO,CORITIBA
Vanculotte Atiantino,RODADA 6,RICARDO,ZAGUEIRO,3.10,NÃO,VASCO
Vanculotte Atiantino,RODADA 6,VÍCTOR CUESTA,ZAGUEIRO,4.60,NÃO,INTERNACIONAL
Vanculotte Atiantino,RODADA 6,MATHEUS GALDEZANI,MEIA,4.80,NÃO,CORITIBA
Vanculotte Atiantino,RODADA 6,NENÊ,MEIA,5.80,SIM,FLUMINENSE
Vanculotte Atiantino,RODADA 6,JORGINHO,MEIA,0.00,NÃO,ATLÉTICO GOIANIENSE
Vanculotte Atiantino,RODADA 6,FERNANDO SOBRAL,MEIA,6.00,NÃO,CEARÁ
Vanculotte Atiantino,RODADA 6,CANO,ATACANTE,0.50,NÃO,VASCO
Vanculotte Atiantino,RODADA 6,WELLINGTON PAULISTA,ATACANTE,16.70,NÃO,FORTALEZA
Vanculotte Atiantino,RODADA 6,JÔ,ATACANTE,1.20,NÃO,CORINTHIANS
Vanculotte Atiantino,RODADA 6,JORGINHO,TÉCNICO,6.28,NÃO,CORITIBA
Vanculotte Atiantino,RODADA 5,WILSON,GOLEIRO,-2.10,NÃO,CORITIBA
Vanculotte Atiantino,RODADA 5,LÉO ORTIZ,ZAGUEIRO,-1.20,NÃO,BRAGANTINO
Vanculotte Atiantino,RODADA 5,RAFAEL VAZ,ZAGUEIRO,5.60,NÃO,GOIÁS
Vanculotte Atiantino,RODADA 5,GIL,ZAGUEIRO,2.00,NÃO,CORINTHIANS
Vanculotte Atiantino,RODADA 5,LÉO CITTADINI,MEIA,0.30,NÃO,ATHLÉTICO PARANAENSE
Vanculotte Atiantino,RODADA 5,CARLOS SÁNCHEZ,MEIA,0.50,NÃO,SANTOS
Vanculotte Atiantino,RODADA 5,ARAOS,MEIA,4.00,NÃO,CORINTHIANS
Vanculotte Atiantino,RODADA 5,ARRASCAETA,MEIA,0.00,NÃO,FLAMENGO
Vanculotte Atiantino,RODADA 5,BRUNO HENRIQUE,ATACANTE,5.80,SIM,FLAMENGO
Vanculotte Atiantino,RODADA 5,CLAUDINHO,ATACANTE,7.90,NÃO,BRAGANTINO
Vanculotte Atiantino,RODADA 5,CANO,ATACANTE,0.30,NÃO,VASCO
Vanculotte Atiantino,RODADA 5,FELIPE CONCEIÇÃO,TÉCNICO,1.88,NÃO,BRAGANTINO
Vanculotte Atiantino,RODADA 4,TIAGO VOLPI,GOLEIRO,12.60,NÃO,SÃO PAULO
Vanculotte Atiantino,RODADA 4,VÍCTOR CUESTA,ZAGUEIRO,5.60,NÃO,INTERNACIONAL
Vanculotte Atiantino,RODADA 4,DANILO AVELAR,ZAGUEIRO,2.50,NÃO,CORINTHIANS
Vanculotte Atiantino,RODADA 4,GIL,ZAGUEIRO,-0.40,NÃO,CORINTHIANS
Vanculotte Atiantino,RODADA 4,HYORAN,MEIA,2.40,NÃO,ATLÉTICO MINEIRO
Vanculotte Atiantino,RODADA 4,THIAGO GALHARDO,MEIA,15.30,NÃO,INTERNACIONAL
Vanculotte Atiantino,RODADA 4,BOSCHILIA,MEIA,0.00,NÃO,INTERNACIONAL
Vanculotte Atiantino,RODADA 4,LÉO CITTADINI,MEIA,1.80,NÃO,ATHLÉTICO PARANAENSE
Vanculotte Atiantino,RODADA 4,PABLO,ATACANTE,1.60,NÃO,SÃO PAULO
Vanculotte Atiantino,RODADA 4,JÔ,ATACANTE,14.20,SIM,CORINTHIANS
Vanculotte Atiantino,RODADA 4,KENO,ATACANTE,4.80,NÃO,ATLÉTICO MINEIRO
Vanculotte Atiantino,RODADA 4,GUTO FERREIRA,TÉCNICO,1.47,NÃO,CEARÁ
Vanculotte Atiantino,RODADA 3,FELIPE ALVES,GOLEIRO,4.80,NÃO,FORTALEZA
Vanculotte Atiantino,RODADA 3,FILIPE LUÍS,LATERAL,8.50,NÃO,FLAMENGO
Vanculotte Atiantino,RODADA 3,VIÑA,LATERAL,5.40,NÃO,PALMEIRAS
Vanculotte Atiantino,RODADA 3,JÚNIOR ALONSO,ZAGUEIRO,6.50,NÃO,ATLÉTICO MINEIRO
Vanculotte Atiantino,RODADA 3,RÉVER,ZAGUEIRO,5.00,NÃO,ATLÉTICO MINEIRO
Vanculotte Atiantino,RODADA 3,DODI,MEIA,3.00,NÃO,FLUMINENSE
Vanculotte Atiantino,RODADA 3,EVERTON RIBEIRO,MEIA,1.70,NÃO,FLAMENGO
Vanculotte Atiantino,RODADA 3,PATRICK DE PAULA,MEIA,-0.70,NÃO,PALMEIRAS
Vanculotte Atiantino,RODADA 3,RICARDO RYLLER,MEIA,-1.10,NÃO,BRAGANTINO
Vanculotte Atiantino,RODADA 3,FLÁVIO,MEIA,0.00,NÃO,BAHIA
Vanculotte Atiantino,RODADA 3,GABRIEL,ATACANTE,7.40,SIM,FLAMENGO
Vanculotte Atiantino,RODADA 3,VANDERLEI LUXEMBURGO,TÉCNICO,4.03,NÃO,PALMEIRAS
Vanculotte Atiantino,RODADA 2,RAFAEL,GOLEIRO,-4.50,NÃO,ATLÉTICO MINEIRO
Vanculotte Atiantino,RODADA 2,EDIMAR,LATERAL,2.80,NÃO,BRAGANTINO
Vanculotte Atiantino,RODADA 2,JUANFRAN,LATERAL,7.80,NÃO,SÃO PAULO
Vanculotte Atiantino,RODADA 2,FABRÍCIO BRUNO,ZAGUEIRO,-0.40,NÃO,BRAGANTINO
Vanculotte Atiantino,RODADA 2,BRUNO FUCHS,ZAGUEIRO,6.90,NÃO,INTERNACIONAL
Vanculotte Atiantino,RODADA 2,IGOR GOMES,MEIA,-2.10,NÃO,SÃO PAULO
Vanculotte Atiantino,RODADA 2,RICARDO RYLLER,MEIA,-0.20,NÃO,BRAGANTINO
Vanculotte Atiantino,RODADA 2,PATRICK DE PAULA,MEIA,-0.60,NÃO,PALMEIRAS
Vanculotte Atiantino,RODADA 2,NATHAN,MEIA,10.20,NÃO,ATLÉTICO MINEIRO
Vanculotte Atiantino,RODADA 2,PABLO,ATACANTE,3.00,SIM,SÃO PAULO
Vanculotte Atiantino,RODADA 2,MORATO,ATACANTE,2.30,NÃO,BRAGANTINO
Vanculotte Atiantino,RODADA 2,FELIPE CONCEIÇÃO,TÉCNICO,3.46,NÃO,BRAGANTINO
Vanculotte Atiantino,RODADA 1,VANDERLEI,GOLEIRO,8.20,NÃO,GRÊMIO
Vanculotte Atiantino,RODADA 1,EDIMAR,LATERAL,0.60,NÃO,BRAGANTINO
Vanculotte Atiantino,RODADA 1,JUANFRAN,LATERAL,0.00,NÃO,SÃO PAULO
Vanculotte Atiantino,RODADA 1,PEDRO GEROMEL,ZAGUEIRO,8.30,NÃO,GRÊMIO
Vanculotte Atiantino,RODADA 1,LIGGER,ZAGUEIRO,0.00,NÃO,BRAGANTINO
Vanculotte Atiantino,RODADA 1,THIAGO GALHARDO,MEIA,6.90,NÃO,INTERNACIONAL
Vanculotte Atiantino,RODADA 1,NATHAN,MEIA,3.20,NÃO,ATLÉTICO MINEIRO
Vanculotte Atiantino,RODADA 1,MATHEUS JESUS,MEIA,1.90,NÃO,BRAGANTINO
Vanculotte Atiantino,RODADA 1,IGOR GOMES,MEIA,0.00,NÃO,SÃO PAULO
Vanculotte Atiantino,RODADA 1,MORATO,ATACANTE,-0.40,NÃO,BRAGANTINO
Vanculotte Atiantino,RODADA 1,PABLO,ATACANTE,0.00,SIM,SÃO PAULO
Vanculotte Atiantino,RODADA 1,FELIPE CONCEIÇÃO,TÉCNICO,2.28,NÃO,BRAGANTINO
Caio do Céu,RODADA 33,EVERSON,GOLEIRO,4.30,NÃO,ATLÉTICO MINEIRO
Caio do Céu,RODADA 33,GUILHERME ARANA,LATERAL,12.60,NÃO,ATLÉTICO MINEIRO
Caio do Céu,RODADA 33,ISLA,LATERAL,7.70,NÃO,FLAMENGO
Caio do Céu,RODADA 33,JÚNIOR ALONSO,ZAGUEIRO,4.60,NÃO,ATLÉTICO MINEIRO
Caio do Céu,RODADA 33,VÍCTOR CUESTA,ZAGUEIRO,0.90,NÃO,INTERNACIONAL
Caio do Céu,RODADA 33,EVERTON RIBEIRO,MEIA,12.30,NÃO,FLAMENGO
Caio do Céu,RODADA 33,VINA,MEIA,4.00,NÃO,CEARÁ
Caio do Céu,RODADA 33,HYORAN,MEIA,6.70,NÃO,ATLÉTICO MINEIRO
Caio do Céu,RODADA 33,VARGAS,ATACANTE,4.90,NÃO,ATLÉTICO MINEIRO
Caio do Céu,RODADA 33,YURI ALBERTO,ATACANTE,-0.40,SIM,INTERNACIONAL
Caio do Céu,RODADA 33,GABRIEL,ATACANTE,15.30,NÃO,FLAMENGO
Caio do Céu,RODADA 33,ABEL BRAGA,TÉCNICO,3.89,NÃO,INTERNACIONAL
Caio do Céu,RODADA 32,JOHN VICTOR,GOLEIRO,-8.80,NÃO,SANTOS
Caio do Céu,RODADA 32,FELIPE JONATAN,LATERAL,2.90,NÃO,SANTOS
Caio do Céu,RODADA 32,PARÁ,LATERAL,-1.00,NÃO,SANTOS
Caio do Céu,RODADA 32,LUAN PERES,ZAGUEIRO,0.70,NÃO,SANTOS
Caio do Céu,RODADA 32,LUCAS VERÍSSIMO,ZAGUEIRO,0.20,NÃO,SANTOS
Caio do Céu,RODADA 32,ARRASCAETA,MEIA,5.30,NÃO,FLAMENGO
Caio do Céu,RODADA 32,SANDRY,MEIA,0.60,NÃO,SANTOS
Caio do Céu,RODADA 32,DIEGO PITUCA,MEIA,8.60,NÃO,SANTOS
Caio do Céu,RODADA 32,MARINHO,ATACANTE,30.20,SIM,SANTOS
Caio do Céu,RODADA 32,LUCIANO,ATACANTE,6.50,NÃO,SÃO PAULO
Caio do Céu,RODADA 32,SOTELDO,ATACANTE,1.10,NÃO,SANTOS
Caio do Céu,RODADA 32,CUCA,TÉCNICO,3.35,NÃO,SANTOS
Caio do Céu,RODADA 31,CÁSSIO,GOLEIRO,8.30,NÃO,CORINTHIANS
Caio do Céu,RODADA 31,CALEGARI,LATERAL,3.70,NÃO,FLUMINENSE
Caio do Céu,RODADA 31,FÁBIO SANTOS,LATERAL,5.80,NÃO,CORINTHIANS
Caio do Céu,RODADA 31,BRUNO ALVES,ZAGUEIRO,0.20,NÃO,SÃO PAULO
Caio do Céu,RODADA 31,KANNEMANN,ZAGUEIRO,0.90,NÃO,GRÊMIO
Caio do Céu,RODADA 31,VINA,MEIA,25.40,NÃO,CEARÁ
Caio do Céu,RODADA 31,RAPHAEL VEIGA,MEIA,-1.00,NÃO,PALMEIRAS
Caio do Céu,RODADA 31,CAZARES,MEIA,7.70,NÃO,CORINTHIANS
Caio do Céu,RODADA 31,LUCIANO,ATACANTE,22.00,SIM,SÃO PAULO
Caio do Céu,RODADA 31,CLAUDINHO,ATACANTE,23.20,NÃO,BRAGANTINO
Caio do Céu,RODADA 31,GABRIEL,ATACANTE,2.30,NÃO,FLAMENGO
Caio do Céu,RODADA 31,RENATO GAÚCHO,TÉCNICO,0.73,NÃO,GRÊMIO
Caio do Céu,RODADA 30,VLADIMIR,GOLEIRO,1.80,NÃO,SANTOS
Caio do Céu,RODADA 30,FELIPE JONATAN,LATERAL,4.10,NÃO,SANTOS
Caio do Céu,RODADA 30,ISLA,LATERAL,6.50,NÃO,FLAMENGO
Caio do Céu,RODADA 30,LEANDRO CASTAN,ZAGUEIRO,-0.40,NÃO,VASCO
Caio do Céu,RODADA 30,VÍCTOR CUESTA,ZAGUEIRO,3.80,NÃO,INTERNACIONAL
Caio do Céu,RODADA 30,HYORAN,MEIA,12.80,NÃO,ATLÉTICO MINEIRO
Caio do Céu,RODADA 30,PATRICK,MEIA,8.00,NÃO,INTERNACIONAL
Caio do Céu,RODADA 30,ARRASCAETA,MEIA,12.20,NÃO,FLAMENGO
Caio do Céu,RODADA 30,CANO,ATACANTE,3.80,NÃO,VASCO
Caio do Céu,RODADA 30,KENO,ATACANTE,4.40,NÃO,ATLÉTICO MINEIRO
Caio do Céu,RODADA 30,MARINHO,ATACANTE,24.40,SIM,SANTOS
Caio do Céu,RODADA 30,CUCA,TÉCNICO,5.25,NÃO,SANTOS
Caio do Céu,RODADA 29,TIAGO VOLPI,GOLEIRO,1.60,NÃO,SÃO PAULO
Caio do Céu,RODADA 29,REINALDO,LATERAL,2.10,NÃO,SÃO PAULO
Caio do Céu,RODADA 29,FILIPE LUÍS,LATERAL,-0.20,NÃO,FLAMENGO
Caio do Céu,RODADA 29,LEANDRO CASTAN,ZAGUEIRO,4.90,NÃO,VASCO
Caio do Céu,RODADA 29,ARBOLEDA,ZAGUEIRO,2.10,NÃO,SÃO PAULO
Caio do Céu,RODADA 29,DANIEL ALVES,MEIA,1.40,NÃO,SÃO PAULO
Caio do Céu,RODADA 29,THIAGO GALHARDO,MEIA,1.20,NÃO,INTERNACIONAL
Caio do Céu,RODADA 29,GABRIEL SARA,MEIA,5.60,NÃO,SÃO PAULO
Caio do Céu,RODADA 29,BRUNO HENRIQUE,ATACANTE,3.20,SIM,FLAMENGO
Caio do Céu,RODADA 29,CANO,ATACANTE,7.60,NÃO,VASCO
Caio do Céu,RODADA 29,BRENNER,ATACANTE,4.80,NÃO,SÃO PAULO
Caio do Céu,RODADA 29,FERNANDO DINIZ,TÉCNICO,1.78,NÃO,SÃO PAULO
Caio do Céu,RODADA 28,VANDERLEI,GOLEIRO,-4.70,NÃO,GRÊMIO
Caio do Céu,RODADA 28,DIOGO BARBOSA,LATERAL,11.60,NÃO,GRÊMIO
Caio do Céu,RODADA 28,ISLA,LATERAL,3.50,NÃO,FLAMENGO
Caio do Céu,RODADA 28,RODRIGUES,ZAGUEIRO,3.20,NÃO,GRÊMIO
Caio do Céu,RODADA 28,KANNEMANN,ZAGUEIRO,2.90,NÃO,GRÊMIO
Caio do Céu,RODADA 28,ALISSON,MEIA,1.60,NÃO,GRÊMIO
Caio do Céu,RODADA 28,JEAN PYERRE,MEIA,-0.50,NÃO,GRÊMIO
Caio do Céu,RODADA 28,MATHEUS HENRIQUE,MEIA,0.90,NÃO,GRÊMIO
Caio do Céu,RODADA 28,BRUNO HENRIQUE,ATACANTE,1.40,NÃO,FLAMENGO
Caio do Céu,RODADA 28,DIEGO SOUZA,ATACANTE,20.40,SIM,GRÊMIO
Caio do Céu,RODADA 28,PEPÊ,ATACANTE,2.30,NÃO,GRÊMIO
Caio do Céu,RODADA 28,RENATO GAÚCHO,TÉCNICO,4.02,NÃO,GRÊMIO
Caio do Céu,RODADA 27,WEVERTON,GOLEIRO,7.60,NÃO,PALMEIRAS
Caio do Céu,RODADA 27,FELIPE JONATAN,LATERAL,3.00,NÃO,SANTOS
Caio do Céu,RODADA 27,GUILHERME ARANA,LATERAL,9.90,NÃO,ATLÉTICO MINEIRO
Caio do Céu,RODADA 27,GUSTAVO GÓMEZ,ZAGUEIRO,0.00,NÃO,PALMEIRAS
Caio do Céu,RODADA 27,RÉVER,ZAGUEIRO,7.70,NÃO,ATLÉTICO MINEIRO
Caio do Céu,RODADA 27,EVERTON RIBEIRO,MEIA,5.00,NÃO,FLAMENGO
Caio do Céu,RODADA 27,THIAGO GALHARDO,MEIA,11.30,NÃO,INTERNACIONAL
Caio do Céu,RODADA 27,DANIEL ALVES,MEIA,3.90,NÃO,SÃO PAULO
Caio do Céu,RODADA 27,RENATO KAYZER,ATACANTE,-0.60,NÃO,ATHLÉTICO PARANAENSE
Caio do Céu,RODADA 27,VARGAS,ATACANTE,2.10,NÃO,ATLÉTICO MINEIRO
Caio do Céu,RODADA 27,MARINHO,ATACANTE,26.20,SIM,SANTOS
Caio do Céu,RODADA 27,ABEL FERREIRA,TÉCNICO,5.03,NÃO,PALMEIRAS
Caio do Céu,RODADA 26,DIEGO ALVES,GOLEIRO,5.90,NÃO,FLAMENGO
Caio do Céu,RODADA 26,FILIPE LUÍS,LATERAL,6.50,NÃO,FLAMENGO
Caio do Céu,RODADA 26,ISLA,LATERAL,10.20,NÃO,FLAMENGO
Caio do Céu,RODADA 26,SABINO,ZAGUEIRO,-0.60,NÃO,CORITIBA
Caio do Céu,RODADA 26,RODRIGO CAIO,ZAGUEIRO,2.90,NÃO,FLAMENGO
Caio do Céu,RODADA 26,ARRASCAETA,MEIA,5.90,NÃO,FLAMENGO
Caio do Céu,RODADA 26,EVERTON RIBEIRO,MEIA,-0.50,NÃO,FLAMENGO
Caio do Céu,RODADA 26,GERSON,MEIA,2.00,NÃO,FLAMENGO
Caio do Céu,RODADA 26,BRUNO HENRIQUE,ATACANTE,17.30,NÃO,FLAMENGO
Caio do Céu,RODADA 26,CLAUDINHO,ATACANTE,6.50,NÃO,BRAGANTINO
Caio do Céu,RODADA 26,GABRIEL,ATACANTE,-9.80,SIM,FLAMENGO
Caio do Céu,RODADA 26,ROGÉRIO CENI,TÉCNICO,6.64,NÃO,FLAMENGO
Caio do Céu,RODADA 25,MARCELO LOMBA,GOLEIRO,-3.00,NÃO,INTERNACIONAL
Caio do Céu,RODADA 25,VIÑA,LATERAL,6.40,NÃO,PALMEIRAS
Caio do Céu,RODADA 25,OREJUELA,LATERAL,5.70,NÃO,GRÊMIO
Caio do Céu,RODADA 25,ARBOLEDA,ZAGUEIRO,1.70,NÃO,SÃO PAULO
Caio do Céu,RODADA 25,VÍCTOR CUESTA,ZAGUEIRO,0.90,NÃO,INTERNACIONAL
Caio do Céu,RODADA 25,EVERTON RIBEIRO,MEIA,1.60,NÃO,FLAMENGO
Caio do Céu,RODADA 25,THIAGO GALHARDO,MEIA,1.70,NÃO,INTERNACIONAL
Caio do Céu,RODADA 25,RAPHAEL VEIGA,MEIA,14.20,NÃO,PALMEIRAS
Caio do Céu,RODADA 25,CANO,ATACANTE,12.60,NÃO,VASCO
Caio do Céu,RODADA 25,BRUNO HENRIQUE,ATACANTE,5.40,NÃO,FLAMENGO
Caio do Céu,RODADA 25,LUCIANO,ATACANTE,3.60,SIM,SÃO PAULO
Caio do Céu,RODADA 25,ABEL FERREIRA,TÉCNICO,9.97,NÃO,PALMEIRAS
Caio do Céu,RODADA 24,JOHN VICTOR,GOLEIRO,-0.20,NÃO,SANTOS
Caio do Céu,RODADA 24,REINALDO,LATERAL,5.60,NÃO,SÃO PAULO
Caio do Céu,RODADA 24,GUILHERME ARANA,LATERAL,2.60,NÃO,ATLÉTICO MINEIRO
Caio do Céu,RODADA 24,DAVID BRAZ,ZAGUEIRO,6.80,NÃO,GRÊMIO
Caio do Céu,RODADA 24,SABINO,ZAGUEIRO,7.20,NÃO,CORITIBA
Caio do Céu,RODADA 24,DANIEL ALVES,MEIA,5.60,NÃO,SÃO PAULO
Caio do Céu,RODADA 24,EVERTON RIBEIRO,MEIA,10.10,NÃO,FLAMENGO
Caio do Céu,RODADA 24,NENÊ,MEIA,6.70,NÃO,FLUMINENSE
Caio do Céu,RODADA 24,KENO,ATACANTE,6.30,NÃO,ATLÉTICO MINEIRO
Caio do Céu,RODADA 24,BRENNER,ATACANTE,1.00,NÃO,SÃO PAULO
Caio do Céu,RODADA 24,PEPÊ,ATACANTE,18.00,SIM,GRÊMIO
Caio do Céu,RODADA 24,RENATO GAÚCHO,TÉCNICO,8.70,NÃO,GRÊMIO
Caio do Céu,RODADA 23,MARCELO LOMBA,GOLEIRO,4.60,NÃO,INTERNACIONAL
Caio do Céu,RODADA 23,FELIPE JONATAN,LATERAL,-0.90,NÃO,SANTOS
Caio do Céu,RODADA 23,CALEGARI,LATERAL,14.50,NÃO,FLUMINENSE
Caio do Céu,RODADA 23,LUCAS VERÍSSIMO,ZAGUEIRO,4.30,NÃO,SANTOS
Caio do Céu,RODADA 23,GUSTAVO GÓMEZ,ZAGUEIRO,6.30,NÃO,PALMEIRAS
Caio do Céu,RODADA 23,NENÊ,MEIA,1.20,NÃO,FLUMINENSE
Caio do Céu,RODADA 23,ZÉ RAFAEL,MEIA,1.10,NÃO,PALMEIRAS
Caio do Céu,RODADA 23,GABRIEL SARA,MEIA,-1.30,NÃO,SÃO PAULO
Caio do Céu,RODADA 23,CANO,ATACANTE,0.00,SIM,VASCO
Caio do Céu,RODADA 23,RONY,ATACANTE,17.20,NÃO,PALMEIRAS
Caio do Céu,RODADA 23,MARINHO,ATACANTE,18.20,NÃO,SANTOS
Caio do Céu,RODADA 23,CUCA,TÉCNICO,4.37,NÃO,SANTOS
Caio do Céu,RODADA 22,TADEU,GOLEIRO,9.30,NÃO,GOIÁS
Caio do Céu,RODADA 22,REINALDO,LATERAL,2.50,NÃO,SÃO PAULO
Caio do Céu,RODADA 22,ISLA,LATERAL,5.30,NÃO,FLAMENGO
Caio do Céu,RODADA 22,BRUNO ALVES,ZAGUEIRO,4.50,NÃO,SÃO PAULO
Caio do Céu,RODADA 22,IAGO MAIDANA,ZAGUEIRO,1.00,NÃO,SPORT
Caio do Céu,RODADA 22,THIAGO NEVES,MEIA,0.90,NÃO,SPORT
Caio do Céu,RODADA 22,VINA,MEIA,0.90,NÃO,CEARÁ
Caio do Céu,RODADA 22,ARRASCAETA,MEIA,15.80,NÃO,FLAMENGO
Caio do Céu,RODADA 22,KENO,ATACANTE,9.70,NÃO,ATLÉTICO MINEIRO
Caio do Céu,RODADA 22,RENATO KAYZER,ATACANTE,-0.70,NÃO,ATHLÉTICO PARANAENSE
Caio do Céu,RODADA 22,BRENNER,ATACANTE,6.00,SIM,SÃO PAULO
Caio do Céu,RODADA 22,FERNANDO DINIZ,TÉCNICO,3.09,NÃO,SÃO PAULO
Caio do Céu,RODADA 21,WILSON,GOLEIRO,-4.30,NÃO,CORITIBA
Caio do Céu,RODADA 21,FAGNER,LATERAL,1.10,NÃO,CORINTHIANS
Caio do Céu,RODADA 21,VICTOR LUIS,LATERAL,6.20,NÃO,BOTAFOGO
Caio do Céu,RODADA 21,SABINO,ZAGUEIRO,-0.10,NÃO,CORITIBA
Caio do Céu,RODADA 21,DAVID BRAZ,ZAGUEIRO,1.00,NÃO,GRÊMIO
Caio do Céu,RODADA 21,ARRASCAETA,MEIA,1.60,NÃO,FLAMENGO
Caio do Céu,RODADA 21,RAPHAEL VEIGA,MEIA,18.30,NÃO,PALMEIRAS
Caio do Céu,RODADA 21,THIAGO NEVES,MEIA,-1.10,NÃO,SPORT
Caio do Céu,RODADA 21,MARINHO,ATACANTE,10.00,SIM,SANTOS
Caio do Céu,RODADA 21,GABRIEL,ATACANTE,0.70,NÃO,FLAMENGO
Caio do Céu,RODADA 21,BRENNER,ATACANTE,2.10,NÃO,SÃO PAULO
Caio do Céu,RODADA 21,ABEL FERREIRA,TÉCNICO,5.43,NÃO,PALMEIRAS
Caio do Céu,RODADA 20,FERNANDO PRASS,GOLEIRO,4.90,NÃO,CEARÁ
Caio do Céu,RODADA 20,ISLA,LATERAL,1.10,NÃO,FLAMENGO
Caio do Céu,RODADA 20,REINALDO,LATERAL,0.40,NÃO,SÃO PAULO
Caio do Céu,RODADA 20,BRUNO ALVES,ZAGUEIRO,2.20,NÃO,SÃO PAULO
Caio do Céu,RODADA 20,VÍCTOR CUESTA,ZAGUEIRO,0.60,NÃO,INTERNACIONAL
Caio do Céu,RODADA 20,VINA,MEIA,0.00,NÃO,CEARÁ
Caio do Céu,RODADA 20,PATRICK,MEIA,7.30,NÃO,INTERNACIONAL
Caio do Céu,RODADA 20,EVERTON RIBEIRO,MEIA,-0.30,NÃO,FLAMENGO
Caio do Céu,RODADA 20,LUIZ ADRIANO,ATACANTE,3.80,NÃO,PALMEIRAS
Caio do Céu,RODADA 20,BRENNER,ATACANTE,12.70,NÃO,SÃO PAULO
Caio do Céu,RODADA 20,PEDRO,ATACANTE,6.20,SIM,FLAMENGO
Caio do Céu,RODADA 20,EDUARDO COUDET,TÉCNICO,3.11,NÃO,
Caio do Céu,RODADA 19,MARCELO LOMBA,GOLEIRO,-2.40,NÃO,INTERNACIONAL
Caio do Céu,RODADA 19,OREJUELA,LATERAL,12.30,NÃO,GRÊMIO
Caio do Céu,RODADA 19,FELIPE JONATAN,LATERAL,2.80,NÃO,SANTOS
Caio do Céu,RODADA 19,DAVID BRAZ,ZAGUEIRO,12.50,NÃO,GRÊMIO
Caio do Céu,RODADA 19,SABINO,ZAGUEIRO,8.80,NÃO,CORITIBA
Caio do Céu,RODADA 19,THIAGO GALHARDO,MEIA,-4.60,NÃO,INTERNACIONAL
Caio do Céu,RODADA 19,EVERTON RIBEIRO,MEIA,2.30,NÃO,FLAMENGO
Caio do Céu,RODADA 19,EDENÍLSON,MEIA,0.80,NÃO,INTERNACIONAL
Caio do Céu,RODADA 19,PEDRO,ATACANTE,11.80,SIM,FLAMENGO
Caio do Céu,RODADA 19,SAVARINO,ATACANTE,-0.90,NÃO,ATLÉTICO MINEIRO
Caio do Céu,RODADA 19,MARINHO,ATACANTE,14.30,NÃO,SANTOS
Caio do Céu,RODADA 19,RENATO GAÚCHO,TÉCNICO,5.10,NÃO,GRÊMIO
Caio do Céu,RODADA 18,FERNANDO PRASS,GOLEIRO,5.40,NÃO,CEARÁ
Caio do Céu,RODADA 18,GUILHERME ARANA,LATERAL,6.80,NÃO,ATLÉTICO MINEIRO
Caio do Céu,RODADA 18,MADSON,LATERAL,4.60,NÃO,SANTOS
Caio do Céu,RODADA 18,LUAN PERES,ZAGUEIRO,-1.40,NÃO,SANTOS
Caio do Céu,RODADA 18,FELIPE MELO,ZAGUEIRO,10.30,NÃO,PALMEIRAS
Caio do Céu,RODADA 18,JAIR,MEIA,0.60,NÃO,ATLÉTICO MINEIRO
Caio do Céu,RODADA 18,PATRICK DE PAULA,MEIA,0.30,NÃO,PALMEIRAS
Caio do Céu,RODADA 18,THIAGO GALHARDO,MEIA,8.00,NÃO,INTERNACIONAL
Caio do Céu,RODADA 18,MARINHO,ATACANTE,7.70,NÃO,SANTOS
Caio do Céu,RODADA 18,PEDRO,ATACANTE,12.20,NÃO,FLAMENGO
Caio do Céu,RODADA 18,KENO,ATACANTE,13.00,SIM,ATLÉTICO MINEIRO
Caio do Céu,RODADA 18,ANDREY LOPES,TÉCNICO,6.65,NÃO,PALMEIRAS
Caio do Céu,RODADA 17,MARCELO LOMBA,GOLEIRO,4.40,NÃO,INTERNACIONAL
Caio do Céu,RODADA 17,FILIPE LUÍS,LATERAL,7.50,NÃO,FLAMENGO
Caio do Céu,RODADA 17,VICTOR LUIS,LATERAL,6.40,NÃO,BOTAFOGO
Caio do Céu,RODADA 17,GUSTAVO HENRIQUE,ZAGUEIRO,0.50,NÃO,FLAMENGO
Caio do Céu,RODADA 17,VÍCTOR CUESTA,ZAGUEIRO,3.50,NÃO,INTERNACIONAL
Caio do Céu,RODADA 17,NATHAN,MEIA,1.00,NÃO,ATLÉTICO MINEIRO
Caio do Céu,RODADA 17,NENÊ,MEIA,-0.20,NÃO,FLUMINENSE
Caio do Céu,RODADA 17,THIAGO GALHARDO,MEIA,33.00,SIM,INTERNACIONAL
Caio do Céu,RODADA 17,KENO,ATACANTE,7.40,NÃO,ATLÉTICO MINEIRO
Caio do Céu,RODADA 17,LUCIANO,ATACANTE,2.70,NÃO,SÃO PAULO
Caio do Céu,RODADA 17,BRENNER,ATACANTE,-0.80,NÃO,SÃO PAULO
Caio do Céu,RODADA 17,BRUNO LAZARONI,TÉCNICO,4.49,NÃO,BOTAFOGO
Caio do Céu,RODADA 16,VANDERLEI,GOLEIRO,-2.60,NÃO,GRÊMIO
Caio do Céu,RODADA 16,FELIPE JONATAN,LATERAL,1.60,NÃO,SANTOS
Caio do Céu,RODADA 16,ABNER VINÍCIUS,LATERAL,-3.20,NÃO,ATHLÉTICO PARANAENSE
Caio do Céu,RODADA 16,LUAN PERES,ZAGUEIRO,1.60,NÃO,SANTOS
Caio do Céu,RODADA 16,PEDRO HENRIQUE,ZAGUEIRO,0.60,NÃO,ATHLÉTICO PARANAENSE
Caio do Céu,RODADA 16,EVERTON RIBEIRO,MEIA,0.30,NÃO,FLAMENGO
Caio do Céu,RODADA 16,THIAGO GALHARDO,MEIA,13.40,SIM,INTERNACIONAL
Caio do Céu,RODADA 16,RAPHAEL VEIGA,MEIA,-0.40,NÃO,PALMEIRAS
Caio do Céu,RODADA 16,LUIZ ADRIANO,ATACANTE,0.70,NÃO,PALMEIRAS
Caio do Céu,RODADA 16,EDUARDO SASHA,ATACANTE,-0.50,NÃO,ATLÉTICO MINEIRO
Caio do Céu,RODADA 16,MARINHO,ATACANTE,0.00,NÃO,SANTOS
Caio do Céu,RODADA 16,DOMÈNEC TORRENT,TÉCNICO,2.85,NÃO,FLAMENGO
Caio do Céu,RODADA 15,JAILSON,GOLEIRO,-4.60,NÃO,PALMEIRAS
Caio do Céu,RODADA 15,GUILHERME ARANA,LATERAL,7.80,NÃO,ATLÉTICO MINEIRO
Caio do Céu,RODADA 15,GUGA,LATERAL,7.30,NÃO,ATLÉTICO MINEIRO
Caio do Céu,RODADA 15,GIL,ZAGUEIRO,0.60,NÃO,CORINTHIANS
Caio do Céu,RODADA 15,FELIPE MELO,ZAGUEIRO,3.50,NÃO,PALMEIRAS
Caio do Céu,RODADA 15,RAPHAEL VEIGA,MEIA,1.80,NÃO,PALMEIRAS
Caio do Céu,RODADA 15,NENÊ,MEIA,10.60,NÃO,FLUMINENSE
Caio do Céu,RODADA 15,THIAGO GALHARDO,MEIA,19.80,SIM,INTERNACIONAL
Caio do Céu,RODADA 15,PEDRO,ATACANTE,0.40,NÃO,FLAMENGO
Caio do Céu,RODADA 15,WILLIAN,ATACANTE,0.00,NÃO,PALMEIRAS
Caio do Céu,RODADA 15,KENO,ATACANTE,21.10,NÃO,ATLÉTICO MINEIRO
Caio do Céu,RODADA 15,JAIR VENTURA,TÉCNICO,2.41,NÃO,SPORT
Caio do Céu,RODADA 14,JOÃO PAULO,GOLEIRO,0.80,NÃO,SANTOS
Caio do Céu,RODADA 14,REINALDO,LATERAL,3.50,NÃO,SÃO PAULO
Caio do Céu,RODADA 14,FILIPE LUÍS,LATERAL,5.40,NÃO,FLAMENGO
Caio do Céu,RODADA 14,DAVID BRAZ,ZAGUEIRO,10.40,NÃO,GRÊMIO
Caio do Céu,RODADA 14,LUAN,ZAGUEIRO,0.80,NÃO,PALMEIRAS
Caio do Céu,RODADA 14,FELLIPE BASTOS,MEIA,4.10,NÃO,VASCO
Caio do Céu,RODADA 14,THIAGO GALHARDO,MEIA,38.40,SIM,INTERNACIONAL
Caio do Céu,RODADA 14,GERSON,MEIA,2.70,NÃO,FLAMENGO
Caio do Céu,RODADA 14,CANO,ATACANTE,0.30,NÃO,VASCO
Caio do Céu,RODADA 14,PEDRO,ATACANTE,18.10,NÃO,FLAMENGO
Caio do Céu,RODADA 14,KENO,ATACANTE,-1.80,NÃO,ATLÉTICO MINEIRO
Caio do Céu,RODADA 14,DOMÈNEC TORRENT,TÉCNICO,8.63,NÃO,FLAMENGO
Caio do Céu,RODADA 13,JOÃO PAULO,GOLEIRO,-6.80,NÃO,SANTOS
Caio do Céu,RODADA 13,VIÑA,LATERAL,8.80,NÃO,PALMEIRAS
Caio do Céu,RODADA 13,FILIPE LUÍS,LATERAL,2.10,NÃO,FLAMENGO
Caio do Céu,RODADA 13,DAVID BRAZ,ZAGUEIRO,1.10,NÃO,GRÊMIO
Caio do Céu,RODADA 13,DANILO AVELAR,ZAGUEIRO,6.60,NÃO,CORINTHIANS
Caio do Céu,RODADA 13,VITOR BUENO,MEIA,2.30,NÃO,SÃO PAULO
Caio do Céu,RODADA 13,PATRICK DE PAULA,MEIA,6.40,NÃO,PALMEIRAS
Caio do Céu,RODADA 13,ALISSON,MEIA,2.20,NÃO,GRÊMIO
Caio do Céu,RODADA 13,MARINHO,ATACANTE,9.20,NÃO,SANTOS
Caio do Céu,RODADA 13,PEPÊ,ATACANTE,12.80,NÃO,GRÊMIO
Caio do Céu,RODADA 13,BRUNO HENRIQUE,ATACANTE,13.80,SIM,FLAMENGO
Caio do Céu,RODADA 13,ROGÉRIO CENI,TÉCNICO,3.90,NÃO,FORTALEZA
Caio do Céu,RODADA 12,FERNANDO PRASS,GOLEIRO,11.70,NÃO,CEARÁ
Caio do Céu,RODADA 12,MOISÉS,LATERAL,4.50,NÃO,INTERNACIONAL
Caio do Céu,RODADA 12,JONATHAN,LATERAL,3.30,NÃO,ATHLÉTICO PARANAENSE
Caio do Céu,RODADA 12,VÍCTOR CUESTA,ZAGUEIRO,-0.60,NÃO,INTERNACIONAL
Caio do Céu,RODADA 12,MIRANDA,ZAGUEIRO,0.70,NÃO,VASCO
Caio do Céu,RODADA 12,BOSCHILIA,MEIA,4.90,NÃO,INTERNACIONAL
Caio do Céu,RODADA 12,THIAGO GALHARDO,MEIA,19.80,SIM,INTERNACIONAL
Caio do Céu,RODADA 12,NENÊ,MEIA,5.20,NÃO,FLUMINENSE
Caio do Céu,RODADA 12,EDUARDO SASHA,ATACANTE,5.40,NÃO,ATLÉTICO MINEIRO
Caio do Céu,RODADA 12,CANO,ATACANTE,2.80,NÃO,VASCO
Caio do Céu,RODADA 12,FRED,ATACANTE,0.40,NÃO,FLUMINENSE
Caio do Céu,RODADA 12,EDUARDO BARROS,TÉCNICO,4.98,NÃO,ATHLÉTICO PARANAENSE
Caio do Céu,RODADA 11,VANDERLEI,GOLEIRO,-2.40,NÃO,GRÊMIO
Caio do Céu,RODADA 11,GUGA,LATERAL,0.30,NÃO,ATLÉTICO MINEIRO
Caio do Céu,RODADA 11,CALEGARI,LATERAL,4.30,NÃO,FLUMINENSE
Caio do Céu,RODADA 11,SABINO,ZAGUEIRO,6.10,NÃO,CORITIBA
Caio do Céu,RODADA 11,LUCAS VERÍSSIMO,ZAGUEIRO,5.40,NÃO,SANTOS
Caio do Céu,RODADA 11,JAIR,MEIA,0.00,NÃO,ATLÉTICO MINEIRO
Caio do Céu,RODADA 11,EDENÍLSON,MEIA,0.00,NÃO,INTERNACIONAL
Caio do Céu,RODADA 11,ALISSON,MEIA,5.40,NÃO,GRÊMIO
Caio do Céu,RODADA 11,DIEGO SOUZA,ATACANTE,0.40,NÃO,GRÊMIO
Caio do Céu,RODADA 11,CLAUDINHO,ATACANTE,-0.90,NÃO,BRAGANTINO
Caio do Céu,RODADA 11,EDUARDO SASHA,ATACANTE,1.80,SIM,ATLÉTICO MINEIRO
Caio do Céu,RODADA 11,ROGÉRIO CENI,TÉCNICO,4.57,NÃO,FORTALEZA
Caio do Céu,RODADA 10,JOÃO PAULO,GOLEIRO,-1.20,NÃO,SANTOS
Caio do Céu,RODADA 10,ERNANDO,ZAGUEIRO,-0.30,NÃO,BAHIA
Caio do Céu,RODADA 10,PAULO MIRANDA,ZAGUEIRO,0.00,NÃO,GRÊMIO
Caio do Céu,RODADA 10,LUAN PERES,ZAGUEIRO,-1.90,NÃO,SANTOS
Caio do Céu,RODADA 10,WILLIAN ARÃO,MEIA,3.10,NÃO,FLAMENGO
Caio do Céu,RODADA 10,NENÊ,MEIA,16.50,NÃO,FLUMINENSE
Caio do Céu,RODADA 10,BRUNO NAZÁRIO,MEIA,8.30,NÃO,BOTAFOGO
Caio do Céu,RODADA 10,GABRIEL MENINO,MEIA,2.00,NÃO,PALMEIRAS
Caio do Céu,RODADA 10,EDUARDO SASHA,ATACANTE,-1.60,NÃO,ATLÉTICO MINEIRO
Caio do Céu,RODADA 10,GABRIEL,ATACANTE,2.50,NÃO,FLAMENGO
Caio do Céu,RODADA 10,MARINHO,ATACANTE,20.20,SIM,SANTOS
Caio do Céu,RODADA 10,MANO MENEZES,TÉCNICO,0.77,NÃO,BAHIA
Caio do Céu,RODADA 9,MARCELO LOMBA,GOLEIRO,3.40,NÃO,INTERNACIONAL
Caio do Céu,RODADA 9,FILIPE LUÍS,LATERAL,8.80,NÃO,FLAMENGO
Caio do Céu,RODADA 9,JEFFERSON,LATERAL,0.60,NÃO,GOIÁS
Caio do Céu,RODADA 9,DANILO AVELAR,ZAGUEIRO,-5.00,NÃO,CORINTHIANS
Caio do Céu,RODADA 9,RAFAEL VAZ,ZAGUEIRO,-4.00,NÃO,GOIÁS
Caio do Céu,RODADA 9,EVERTON RIBEIRO,MEIA,5.60,NÃO,FLAMENGO
Caio do Céu,RODADA 9,HERNANES,MEIA,2.40,NÃO,SÃO PAULO
Caio do Céu,RODADA 9,THIAGO GALHARDO,MEIA,21.10,NÃO,INTERNACIONAL
Caio do Céu,RODADA 9,MARINHO,ATACANTE,36.00,SIM,SANTOS
Caio do Céu,RODADA 9,LUCIANO,ATACANTE,10.20,NÃO,SÃO PAULO
Caio do Céu,RODADA 9,WELLINGTON PAULISTA,ATACANTE,10.30,NÃO,FORTALEZA
Caio do Céu,RODADA 9,THIAGO LARGHI,TÉCNICO,1.33,NÃO,GOIÁS
Caio do Céu,RODADA 8,VANDERLEI,GOLEIRO,-2.80,NÃO,GRÊMIO
Caio do Céu,RODADA 8,FILIPE LUÍS,LATERAL,0.10,NÃO,FLAMENGO
Caio do Céu,RODADA 8,ISLA,LATERAL,-0.70,NÃO,FLAMENGO
Caio do Céu,RODADA 8,GIL,ZAGUEIRO,0.50,NÃO,CORINTHIANS
Caio do Céu,RODADA 8,VÍCTOR CUESTA,ZAGUEIRO,-1.40,NÃO,INTERNACIONAL
Caio do Céu,RODADA 8,EVERTON RIBEIRO,MEIA,6.90,NÃO,FLAMENGO
Caio do Céu,RODADA 8,BOSCHILIA,MEIA,0.90,NÃO,INTERNACIONAL
Caio do Céu,RODADA 8,THIAGO GALHARDO,MEIA,30.00,SIM,INTERNACIONAL
Caio do Céu,RODADA 8,JÔ,ATACANTE,10.10,NÃO,CORINTHIANS
Caio do Céu,RODADA 8,LUCIANO,ATACANTE,10.50,NÃO,SÃO PAULO
Caio do Céu,RODADA 8,GABRIEL,ATACANTE,9.90,NÃO,FLAMENGO
Caio do Céu,RODADA 8,JAIR VENTURA,TÉCNICO,2.76,NÃO,SPORT
Caio do Céu,RODADA 7,JOÃO PAULO,GOLEIRO,-4.10,NÃO,SANTOS
Caio do Céu,RODADA 7,ISLA,LATERAL,8.70,NÃO,FLAMENGO
Caio do Céu,RODADA 7,CALEGARI,LATERAL,4.70,NÃO,FLUMINENSE
Caio do Céu,RODADA 7,PEDRO GEROMEL,ZAGUEIRO,3.80,NÃO,GRÊMIO
Caio do Céu,RODADA 7,LUAN PERES,ZAGUEIRO,3.90,NÃO,SANTOS
Caio do Céu,RODADA 7,PATRICK DE PAULA,MEIA,5.20,NÃO,PALMEIRAS
Caio do Céu,RODADA 7,NENÊ,MEIA,5.70,NÃO,FLUMINENSE
Caio do Céu,RODADA 7,BRUNO NAZÁRIO,MEIA,0.30,NÃO,BOTAFOGO
Caio do Céu,RODADA 7,MARINHO,ATACANTE,23.00,SIM,SANTOS
Caio do Céu,RODADA 7,EDUARDO SASHA,ATACANTE,2.90,NÃO,ATLÉTICO MINEIRO
Caio do Céu,RODADA 7,DIEGO SOUZA,ATACANTE,0.70,NÃO,GRÊMIO
Caio do Céu,RODADA 7,PAULO AUTUORI,TÉCNICO,4.51,NÃO,BOTAFOGO
Caio do Céu,RODADA 6,WEVERTON,GOLEIRO,-3.00,NÃO,PALMEIRAS
Caio do Céu,RODADA 6,VIÑA,LATERAL,0.00,NÃO,PALMEIRAS
Caio do Céu,RODADA 6,TINGA,LATERAL,7.10,NÃO,FORTALEZA
Caio do Céu,RODADA 6,LUCAS VERÍSSIMO,ZAGUEIRO,-2.90,NÃO,SANTOS
Caio do Céu,RODADA 6,VÍCTOR CUESTA,ZAGUEIRO,4.60,NÃO,INTERNACIONAL
Caio do Céu,RODADA 6,CARLOS SÁNCHEZ,MEIA,2.00,NÃO,SANTOS
Caio do Céu,RODADA 6,NENÊ,MEIA,2.90,NÃO,FLUMINENSE
Caio do Céu,RODADA 6,GABRIEL MENINO,MEIA,-0.60,NÃO,PALMEIRAS
Caio do Céu,RODADA 6,LUCIANO,ATACANTE,0.80,NÃO,SÃO PAULO
Caio do Céu,RODADA 6,SASSÁ,ATACANTE,4.10,NÃO,CORITIBA
Caio do Céu,RODADA 6,MARINHO,ATACANTE,13.80,SIM,SANTOS
Caio do Céu,RODADA 6,ROGÉRIO CENI,TÉCNICO,6.98,NÃO,FORTALEZA
Caio do Céu,RODADA 5,TADEU,GOLEIRO,7.90,NÃO,GOIÁS
Caio do Céu,RODADA 5,ADERLAN,LATERAL,2.40,NÃO,BRAGANTINO
Caio do Céu,RODADA 5,FILIPE LUÍS,LATERAL,1.80,NÃO,FLAMENGO
Caio do Céu,RODADA 5,GIL,ZAGUEIRO,2.00,NÃO,CORINTHIANS
Caio do Céu,RODADA 5,RODRIGO CAIO,ZAGUEIRO,2.80,NÃO,FLAMENGO
Caio do Céu,RODADA 5,ARRASCAETA,MEIA,0.00,NÃO,FLAMENGO
Caio do Céu,RODADA 5,ANDREY,MEIA,1.30,NÃO,VASCO
Caio do Céu,RODADA 5,EDENÍLSON,MEIA,4.40,NÃO,INTERNACIONAL
Caio do Céu,RODADA 5,CANO,ATACANTE,0.30,NÃO,VASCO
Caio do Céu,RODADA 5,GABRIEL,ATACANTE,24.40,SIM,FLAMENGO
Caio do Céu,RODADA 5,SOTELDO,ATACANTE,1.80,NÃO,SANTOS
Caio do Céu,RODADA 5,FELIPE CONCEIÇÃO,TÉCNICO,1.88,NÃO,BRAGANTINO
Caio do Céu,RODADA 4,MARCELO LOMBA,GOLEIRO,1.70,NÃO,INTERNACIONAL
Caio do Céu,RODADA 4,SAMUEL XAVIER,LATERAL,-3.40,NÃO,CEARÁ
Caio do Céu,RODADA 4,SIDCLEY,LATERAL,2.50,NÃO,CORINTHIANS
Caio do Céu,RODADA 4,ARBOLEDA,ZAGUEIRO,3.60,NÃO,SÃO PAULO
Caio do Céu,RODADA 4,GIL,ZAGUEIRO,-0.80,SIM,CORINTHIANS
Caio do Céu,RODADA 4,EVERTON RIBEIRO,MEIA,1.00,NÃO,FLAMENGO
Caio do Céu,RODADA 4,THIAGO GALHARDO,MEIA,15.30,NÃO,INTERNACIONAL
Caio do Céu,RODADA 4,IGOR GOMES,MEIA,-0.20,NÃO,SÃO PAULO
Caio do Céu,RODADA 4,EDENÍLSON,MEIA,-0.60,NÃO,INTERNACIONAL
Caio do Céu,RODADA 4,JÔ,ATACANTE,7.10,NÃO,CORINTHIANS
Caio do Céu,RODADA 4,GABRIEL,ATACANTE,6.70,NÃO,FLAMENGO
Caio do Céu,RODADA 4,FERNANDO DINIZ,TÉCNICO,4.24,NÃO,SÃO PAULO
Caio do Céu,RODADA 3,CLEITON,GOLEIRO,-0.30,NÃO,BRAGANTINO
Caio do Céu,RODADA 3,GUILHERME ARANA,LATERAL,4.50,NÃO,ATLÉTICO MINEIRO
Caio do Céu,RODADA 3,OREJUELA,LATERAL,5.40,NÃO,GRÊMIO
Caio do Céu,RODADA 3,PAULÃO,ZAGUEIRO,4.30,NÃO,FORTALEZA
Caio do Céu,RODADA 3,PEDRO GEROMEL,ZAGUEIRO,7.10,NÃO,GRÊMIO
Caio do Céu,RODADA 3,PATRICK DE PAULA,MEIA,-0.70,NÃO,PALMEIRAS
Caio do Céu,RODADA 3,MAICON,MEIA,0.90,NÃO,GRÊMIO
Caio do Céu,RODADA 3,WILLIAN ARÃO,MEIA,3.00,NÃO,FLAMENGO
Caio do Céu,RODADA 3,WELLINGTON PAULISTA,ATACANTE,0.10,NÃO,FORTALEZA
Caio do Céu,RODADA 3,LUIZ ADRIANO,ATACANTE,5.60,SIM,PALMEIRAS
Caio do Céu,RODADA 3,KENO,ATACANTE,0.30,NÃO,ATLÉTICO MINEIRO
Caio do Céu,RODADA 3,VANDERLEI LUXEMBURGO,TÉCNICO,4.03,NÃO,PALMEIRAS
Caio do Céu,RODADA 2,SANTOS,GOLEIRO,-2.80,NÃO,ATHLÉTICO PARANAENSE
Caio do Céu,RODADA 2,FILIPE LUÍS,LATERAL,3.00,NÃO,FLAMENGO
Caio do Céu,RODADA 2,REINALDO,LATERAL,11.00,NÃO,SÃO PAULO
Caio do Céu,RODADA 2,RÉVER,ZAGUEIRO,1.60,NÃO,ATLÉTICO MINEIRO
Caio do Céu,RODADA 2,VÍCTOR CUESTA,ZAGUEIRO,8.90,NÃO,INTERNACIONAL
Caio do Céu,RODADA 2,HONDA,MEIA,0.70,NÃO,BOTAFOGO
Caio do Céu,RODADA 2,EVERTON RIBEIRO,MEIA,-0.70,NÃO,FLAMENGO
Caio do Céu,RODADA 2,VITOR BUENO,MEIA,0.00,NÃO,SÃO PAULO
Caio do Céu,RODADA 2,KENO,ATACANTE,3.50,NÃO,ATLÉTICO MINEIRO
Caio do Céu,RODADA 2,TALLES MAGNO,ATACANTE,2.70,NÃO,VASCO
Caio do Céu,RODADA 2,PABLO,ATACANTE,3.00,SIM,SÃO PAULO
Caio do Céu,RODADA 2,DOMÈNEC TORRENT,TÉCNICO,0.67,NÃO,FLAMENGO
Caio do Céu,RODADA 1,VANDERLEI,GOLEIRO,8.20,NÃO,GRÊMIO
Caio do Céu,RODADA 1,SAMUEL XAVIER,LATERAL,-0.20,NÃO,CEARÁ
Caio do Céu,RODADA 1,JUANFRAN,LATERAL,0.00,NÃO,SÃO PAULO
Caio do Céu,RODADA 1,ARBOLEDA,ZAGUEIRO,0.00,NÃO,SÃO PAULO
Caio do Céu,RODADA 1,PEDRO GEROMEL,ZAGUEIRO,8.30,NÃO,GRÊMIO
Caio do Céu,RODADA 1,EVERTON RIBEIRO,MEIA,4.50,NÃO,FLAMENGO
Caio do Céu,RODADA 1,MAICON,MEIA,-1.20,NÃO,GRÊMIO
Caio do Céu,RODADA 1,GERSON,MEIA,4.30,NÃO,FLAMENGO
Caio do Céu,RODADA 1,GABRIEL,ATACANTE,6.00,SIM,FLAMENGO
Caio do Céu,RODADA 1,SOTELDO,ATACANTE,0.30,NÃO,SANTOS
Caio do Céu,RODADA 1,MARINHO,ATACANTE,11.70,NÃO,SANTOS
Caio do Céu,RODADA 1,GUTO FERREIRA,TÉCNICO,2.71,NÃO,CEARÁ
Unichampions,RODADA 33,FERNANDO MIGUEL,GOLEIRO,8.10,NÃO,VASCO
Unichampions,RODADA 33,LUCCAS CLARO,ZAGUEIRO,5.60,NÃO,FLUMINENSE
Unichampions,RODADA 33,LUIZ OTÁVIO,ZAGUEIRO,1.00,NÃO,CEARÁ
Unichampions,RODADA 33,VÍCTOR CUESTA,ZAGUEIRO,0.90,NÃO,INTERNACIONAL
Unichampions,RODADA 33,DIEGO,MEIA,2.50,NÃO,FLAMENGO
Unichampions,RODADA 33,RAUL,MEIA,6.50,NÃO,BRAGANTINO
Unichampions,RODADA 33,EVERTON RIBEIRO,MEIA,12.30,NÃO,FLAMENGO
Unichampions,RODADA 33,LIMA,MEIA,0.40,NÃO,CEARÁ
Unichampions,RODADA 33,EDUARDO SASHA,ATACANTE,1.80,NÃO,ATLÉTICO MINEIRO
Unichampions,RODADA 33,GABRIEL,ATACANTE,15.30,NÃO,FLAMENGO
Unichampions,RODADA 33,CANO,ATACANTE,3.00,SIM,VASCO
Unichampions,RODADA 33,GUTO FERREIRA,TÉCNICO,2.41,NÃO,CEARÁ
Unichampions,RODADA 32,TIAGO VOLPI,GOLEIRO,1.20,NÃO,SÃO PAULO
Unichampions,RODADA 32,LUAN PERES,ZAGUEIRO,0.70,NÃO,SANTOS
Unichampions,RODADA 32,JÚNIOR ALONSO,ZAGUEIRO,1.30,NÃO,ATLÉTICO MINEIRO
Unichampions,RODADA 32,LUCCAS CLARO,ZAGUEIRO,6.00,NÃO,FLUMINENSE
Unichampions,RODADA 32,CAZARES,MEIA,1.20,NÃO,CORINTHIANS
Unichampions,RODADA 32,PEGLOW,MEIA,1.30,NÃO,INTERNACIONAL
Unichampions,RODADA 32,EVERTON RIBEIRO,MEIA,0.80,NÃO,FLAMENGO
Unichampions,RODADA 32,EDENÍLSON,MEIA,7.90,NÃO,INTERNACIONAL
Unichampions,RODADA 32,KENO,ATACANTE,6.60,SIM,ATLÉTICO MINEIRO
Unichampions,RODADA 32,GUSTAVO MOSQUITO,ATACANTE,2.00,NÃO,CORINTHIANS
Unichampions,RODADA 32,WILLIAN,ATACANTE,0.00,NÃO,PALMEIRAS
Unichampions,RODADA 32,ABEL FERREIRA,TÉCNICO,0.92,NÃO,PALMEIRAS
Unichampions,RODADA 31,JOÃO PAULO,GOLEIRO,-0.50,NÃO,SANTOS
Unichampions,RODADA 31,JEMERSON,ZAGUEIRO,6.60,NÃO,CORINTHIANS
Unichampions,RODADA 31,TIAGO,ZAGUEIRO,7.00,NÃO,CEARÁ
Unichampions,RODADA 31,LÉO ORTIZ,ZAGUEIRO,3.50,NÃO,BRAGANTINO
Unichampions,RODADA 31,EDENÍLSON,MEIA,2.50,NÃO,INTERNACIONAL
Unichampions,RODADA 31,VINA,MEIA,25.40,NÃO,CEARÁ
Unichampions,RODADA 31,RAPHAEL VEIGA,MEIA,-1.00,NÃO,PALMEIRAS
Unichampions,RODADA 31,GABRIEL MENINO,MEIA,3.40,NÃO,PALMEIRAS
Unichampions,RODADA 31,LUIZ ADRIANO,ATACANTE,1.90,NÃO,PALMEIRAS
Unichampions,RODADA 31,LUCCA,ATACANTE,0.10,NÃO,FLUMINENSE
Unichampions,RODADA 31,CLAUDINHO,ATACANTE,46.40,SIM,BRAGANTINO
Unichampions,RODADA 31,CUCA,TÉCNICO,1.02,NÃO,SANTOS
Unichampions,RODADA 30,FERNANDO MIGUEL,GOLEIRO,-2.30,NÃO,VASCO
Unichampions,RODADA 30,LÉO ORTIZ,ZAGUEIRO,-0.10,NÃO,BRAGANTINO
Unichampions,RODADA 30,RÉVER,ZAGUEIRO,-0.20,NÃO,ATLÉTICO MINEIRO
Unichampions,RODADA 30,LUCCAS CLARO,ZAGUEIRO,2.70,NÃO,FLUMINENSE
Unichampions,RODADA 30,VINA,MEIA,-0.30,NÃO,CEARÁ
Unichampions,RODADA 30,EDENÍLSON,MEIA,-0.20,NÃO,INTERNACIONAL
Unichampions,RODADA 30,EVERTON RIBEIRO,MEIA,2.20,NÃO,FLAMENGO
Unichampions,RODADA 30,RICARDO RYLLER,MEIA,-1.60,NÃO,BRAGANTINO
Unichampions,RODADA 30,KAIO JORGE,ATACANTE,0.70,NÃO,SANTOS
Unichampions,RODADA 30,CANO,ATACANTE,7.60,SIM,VASCO
Unichampions,RODADA 30,CLAUDINHO,ATACANTE,17.00,NÃO,BRAGANTINO
Unichampions,RODADA 30,CUCA,TÉCNICO,5.25,NÃO,SANTOS
Unichampions,RODADA 29,SANTOS,GOLEIRO,8.60,NÃO,ATHLÉTICO PARANAENSE
Unichampions,RODADA 29,KUSCEVIC,ZAGUEIRO,5.40,NÃO,PALMEIRAS
Unichampions,RODADA 29,RÉVER,ZAGUEIRO,1.60,NÃO,ATLÉTICO MINEIRO
Unichampions,RODADA 29,LUCAS VERÍSSIMO,ZAGUEIRO,0.00,NÃO,SANTOS
Unichampions,RODADA 29,ALISSON,MEIA,1.30,NÃO,GRÊMIO
Unichampions,RODADA 29,EVERTON RIBEIRO,MEIA,2.20,NÃO,FLAMENGO
Unichampions,RODADA 29,PATRICK DE PAULA,MEIA,2.20,NÃO,PALMEIRAS
Unichampions,RODADA 29,DIEGO PITUCA,MEIA,-0.10,NÃO,SANTOS
Unichampions,RODADA 29,SOTELDO,ATACANTE,0.00,NÃO,SANTOS
Unichampions,RODADA 29,CANO,ATACANTE,7.60,NÃO,VASCO
Unichampions,RODADA 29,PEPÊ,ATACANTE,2.40,SIM,GRÊMIO
Unichampions,RODADA 29,ABEL FERREIRA,TÉCNICO,6.38,NÃO,PALMEIRAS
Unichampions,RODADA 28,JEAN,GOLEIRO,16.50,NÃO,ATLÉTICO GOIANIENSE
Unichampions,RODADA 28,SABINO,ZAGUEIRO,5.80,NÃO,CORITIBA
Unichampions,RODADA 28,ARBOLEDA,ZAGUEIRO,0.00,NÃO,SÃO PAULO
Unichampions,RODADA 28,KANNEMANN,ZAGUEIRO,2.90,NÃO,GRÊMIO
Unichampions,RODADA 28,VINA,MEIA,2.40,NÃO,CEARÁ
Unichampions,RODADA 28,DANIEL ALVES,MEIA,0.80,NÃO,SÃO PAULO
Unichampions,RODADA 28,RODRIGO DOURADO,MEIA,0.30,NÃO,INTERNACIONAL
Unichampions,RODADA 28,EVERTON RIBEIRO,MEIA,7.20,NÃO,FLAMENGO
Unichampions,RODADA 28,GABRIEL,ATACANTE,2.90,NÃO,FLAMENGO
Unichampions,RODADA 28,RENATO KAYZER,ATACANTE,16.60,SIM,ATHLÉTICO PARANAENSE
Unichampions,RODADA 28,DIEGO SOUZA,ATACANTE,10.20,NÃO,GRÊMIO
Unichampions,RODADA 28,ROGÉRIO CENI,TÉCNICO,3.65,NÃO,FLAMENGO
Unichampions,RODADA 27,TIAGO VOLPI,GOLEIRO,-2.60,NÃO,SÃO PAULO
Unichampions,RODADA 27,JÚNIOR ALONSO,ZAGUEIRO,10.30,NÃO,ATLÉTICO MINEIRO
Unichampions,RODADA 27,GUSTAVO GÓMEZ,ZAGUEIRO,0.00,NÃO,PALMEIRAS
Unichampions,RODADA 27,VÍCTOR CUESTA,ZAGUEIRO,2.20,NÃO,INTERNACIONAL
Unichampions,RODADA 27,GABRIEL SARA,MEIA,2.30,NÃO,SÃO PAULO
Unichampions,RODADA 27,GABRIEL MENINO,MEIA,1.90,NÃO,PALMEIRAS
Unichampions,RODADA 27,EVERTON RIBEIRO,MEIA,5.00,NÃO,FLAMENGO
Unichampions,RODADA 27,GIOVANNI AUGUSTO,MEIA,2.00,NÃO,
Unichampions,RODADA 27,PEDRO,ATACANTE,-5.20,SIM,FLAMENGO
Unichampions,RODADA 27,GABRIEL VERON,ATACANTE,1.60,NÃO,PALMEIRAS
Unichampions,RODADA 27,CANO,ATACANTE,-0.60,NÃO,VASCO
Unichampions,RODADA 27,CUCA,TÉCNICO,3.97,NÃO,SANTOS
Unichampions,RODADA 26,WILSON,GOLEIRO,-0.40,NÃO,CORITIBA
Unichampions,RODADA 26,VIÑA,LATERAL,-2.20,NÃO,PALMEIRAS
Unichampions,RODADA 26,ISLA,LATERAL,10.20,NÃO,FLAMENGO
Unichampions,RODADA 26,LÉO ORTIZ,ZAGUEIRO,0.70,NÃO,BRAGANTINO
Unichampions,RODADA 26,SABINO,ZAGUEIRO,-0.60,NÃO,CORITIBA
Unichampions,RODADA 26,ARRASCAETA,MEIA,5.90,NÃO,FLAMENGO
Unichampions,RODADA 26,VINA,MEIA,6.70,NÃO,CEARÁ
Unichampions,RODADA 26,RAPHAEL VEIGA,MEIA,3.60,SIM,PALMEIRAS
Unichampions,RODADA 26,LUIZ FERNANDO,ATACANTE,2.30,NÃO,GRÊMIO
Unichampions,RODADA 26,KAIO JORGE,ATACANTE,1.80,NÃO,SANTOS
Unichampions,RODADA 26,RENATO KAYZER,ATACANTE,10.70,NÃO,ATHLÉTICO PARANAENSE
Unichampions,RODADA 26,ABEL FERREIRA,TÉCNICO,1.37,NÃO,PALMEIRAS
Unichampions,RODADA 25,WEVERTON,GOLEIRO,12.50,NÃO,PALMEIRAS
Unichampions,RODADA 25,RÉVER,ZAGUEIRO,2.50,NÃO,ATLÉTICO MINEIRO
Unichampions,RODADA 25,LUCCAS CLARO,ZAGUEIRO,-1.70,NÃO,FLUMINENSE
Unichampions,RODADA 25,DAVID BRAZ,ZAGUEIRO,0.00,NÃO,GRÊMIO
Unichampions,RODADA 25,FERNANDO SOBRAL,MEIA,1.20,NÃO,CEARÁ
Unichampions,RODADA 25,RAPHAEL VEIGA,MEIA,28.40,SIM,PALMEIRAS
Unichampions,RODADA 25,MICHEL ARAÚJO,MEIA,3.60,NÃO,FLUMINENSE
Unichampions,RODADA 25,LUCAS EVANGELISTA,MEIA,1.00,NÃO,BRAGANTINO
Unichampions,RODADA 25,LUCIANO,ATACANTE,1.80,NÃO,SÃO PAULO
Unichampions,RODADA 25,RONY,ATACANTE,8.40,NÃO,PALMEIRAS
Unichampions,RODADA 25,KENO,ATACANTE,5.20,NÃO,ATLÉTICO MINEIRO
Unichampions,RODADA 25,RENATO GAÚCHO,TÉCNICO,4.37,NÃO,GRÊMIO
Unichampions,RODADA 24,MARCOS FELIPE,GOLEIRO,-2.30,NÃO,FLUMINENSE
Unichampions,RODADA 24,JUANFRAN,LATERAL,4.30,NÃO,SÃO PAULO
Unichampions,RODADA 24,ADERLAN,LATERAL,6.30,NÃO,BRAGANTINO
Unichampions,RODADA 24,RÉVER,ZAGUEIRO,0.30,NÃO,ATLÉTICO MINEIRO
Unichampions,RODADA 24,LUCCAS CLARO,ZAGUEIRO,0.70,NÃO,FLUMINENSE
Unichampions,RODADA 24,ZÉ RAFAEL,MEIA,2.50,NÃO,PALMEIRAS
Unichampions,RODADA 24,RAPHAEL VEIGA,MEIA,11.30,NÃO,PALMEIRAS
Unichampions,RODADA 24,EVERTON RIBEIRO,MEIA,10.10,NÃO,FLAMENGO
Unichampions,RODADA 24,LUCIANO,ATACANTE,12.00,NÃO,SÃO PAULO
Unichampions,RODADA 24,KENO,ATACANTE,6.30,NÃO,ATLÉTICO MINEIRO
Unichampions,RODADA 24,PEPÊ,ATACANTE,18.00,SIM,GRÊMIO
Unichampions,RODADA 24,RENATO GAÚCHO,TÉCNICO,8.70,NÃO,GRÊMIO
Unichampions,RODADA 23,WEVERTON,GOLEIRO,8.00,NÃO,PALMEIRAS
Unichampions,RODADA 23,LUCCAS CLARO,ZAGUEIRO,7.70,NÃO,FLUMINENSE
Unichampions,RODADA 23,GUSTAVO GÓMEZ,ZAGUEIRO,6.30,NÃO,PALMEIRAS
Unichampions,RODADA 23,LUCAS VERÍSSIMO,ZAGUEIRO,4.30,NÃO,SANTOS
Unichampions,RODADA 23,ZÉ RAFAEL,MEIA,1.10,NÃO,PALMEIRAS
Unichampions,RODADA 23,GABRIEL SARA,MEIA,-1.30,NÃO,SÃO PAULO
Unichampions,RODADA 23,LUCAS EVANGELISTA,MEIA,5.60,NÃO,BRAGANTINO
Unichampions,RODADA 23,MAURÍCIO,MEIA,0.50,NÃO,INTERNACIONAL
Unichampions,RODADA 23,CANO,ATACANTE,0.00,NÃO,VASCO
Unichampions,RODADA 23,MARINHO,ATACANTE,36.40,SIM,SANTOS
Unichampions,RODADA 23,RONY,ATACANTE,17.20,NÃO,PALMEIRAS
Unichampions,RODADA 23,RICARDO SÁ PINTO,TÉCNICO,1.24,NÃO,VASCO
Unichampions,RODADA 22,WEVERTON,GOLEIRO,0.20,NÃO,PALMEIRAS
Unichampions,RODADA 22,KANU,ZAGUEIRO,-1.60,NÃO,BOTAFOGO
Unichampions,RODADA 22,GUSTAVO GÓMEZ,ZAGUEIRO,1.70,NÃO,PALMEIRAS
Unichampions,RODADA 22,KANNEMANN,ZAGUEIRO,0.00,NÃO,GRÊMIO
Unichampions,RODADA 22,GIOVANNI AUGUSTO,MEIA,7.40,NÃO,CORITIBA
Unichampions,RODADA 22,LUCAS SILVA,MEIA,0.00,NÃO,GRÊMIO
Unichampions,RODADA 22,NENÊ,MEIA,1.30,NÃO,FLUMINENSE
Unichampions,RODADA 22,THIAGO NEVES,MEIA,0.90,NÃO,SPORT
Unichampions,RODADA 22,LUCIANO,ATACANTE,11.70,NÃO,SÃO PAULO
Unichampions,RODADA 22,KENO,ATACANTE,9.70,NÃO,ATLÉTICO MINEIRO
Unichampions,RODADA 22,LUIZ ADRIANO,ATACANTE,4.40,SIM,PALMEIRAS
Unichampions,RODADA 22,ABEL FERREIRA,TÉCNICO,1.36,NÃO,PALMEIRAS
Unichampions,RODADA 21,WILSON,GOLEIRO,-4.30,NÃO,CORITIBA
Unichampions,RODADA 21,IAGO MAIDANA,ZAGUEIRO,1.10,NÃO,SPORT
Unichampions,RODADA 21,LÉO ORTIZ,ZAGUEIRO,-1.00,NÃO,BRAGANTINO
Unichampions,RODADA 21,DAVID BRAZ,ZAGUEIRO,1.00,NÃO,GRÊMIO
Unichampions,RODADA 21,THIAGO NEVES,MEIA,-1.10,NÃO,SPORT
Unichampions,RODADA 21,GABRIEL SARA,MEIA,9.70,NÃO,SÃO PAULO
Unichampions,RODADA 21,RAPHAEL VEIGA,MEIA,36.60,SIM,PALMEIRAS
Unichampions,RODADA 21,GIOVANNI AUGUSTO,MEIA,4.50,NÃO,CORITIBA
Unichampions,RODADA 21,MARINHO,ATACANTE,5.00,NÃO,SANTOS
Unichampions,RODADA 21,GABRIEL VERON,ATACANTE,1.00,NÃO,PALMEIRAS
Unichampions,RODADA 21,KENO,ATACANTE,9.40,NÃO,ATLÉTICO MINEIRO
Unichampions,RODADA 21,FERNANDO DINIZ,TÉCNICO,3.58,NÃO,SÃO PAULO
Unichampions,RODADA 20,WEVERTON,GOLEIRO,8.30,NÃO,PALMEIRAS
Unichampions,RODADA 20,REINALDO,LATERAL,0.40,NÃO,SÃO PAULO
Unichampions,RODADA 20,VICTOR LUIS,LATERAL,1.80,NÃO,BOTAFOGO
Unichampions,RODADA 20,BRUNO ALVES,ZAGUEIRO,2.20,NÃO,SÃO PAULO
Unichampions,RODADA 20,LUCCAS CLARO,ZAGUEIRO,1.10,NÃO,FLUMINENSE
Unichampions,RODADA 20,EVERTON RIBEIRO,MEIA,-0.30,NÃO,FLAMENGO
Unichampions,RODADA 20,PATRICK,MEIA,7.30,NÃO,INTERNACIONAL
Unichampions,RODADA 20,OTERO,MEIA,-0.50,NÃO,CORINTHIANS
Unichampions,RODADA 20,RENATO KAYZER,ATACANTE,15.40,NÃO,ATHLÉTICO PARANAENSE
Unichampions,RODADA 20,ABEL HERNÁNDEZ,ATACANTE,5.70,NÃO,INTERNACIONAL
Unichampions,RODADA 20,BRENNER,ATACANTE,25.40,SIM,SÃO PAULO
Unichampions,RODADA 20,ABEL FERREIRA,TÉCNICO,4.51,NÃO,PALMEIRAS
Unichampions,RODADA 19,FERNANDO MIGUEL,GOLEIRO,4.90,NÃO,VASCO
Unichampions,RODADA 19,FELIPE MELO,ZAGUEIRO,9.20,NÃO,PALMEIRAS
Unichampions,RODADA 19,LUIZ OTÁVIO,ZAGUEIRO,-2.60,NÃO,CEARÁ
Unichampions,RODADA 19,LIGGER,ZAGUEIRO,-1.10,NÃO,BRAGANTINO
Unichampions,RODADA 19,EVERTON RIBEIRO,MEIA,2.30,NÃO,FLAMENGO
Unichampions,RODADA 19,THIAGO GALHARDO,MEIA,-4.60,NÃO,INTERNACIONAL
Unichampions,RODADA 19,GIOVANNI AUGUSTO,MEIA,6.70,NÃO,CORITIBA
Unichampions,RODADA 19,CHARLES,MEIA,2.70,NÃO,CEARÁ
Unichampions,RODADA 19,ROMARINHO,ATACANTE,-0.70,NÃO,FORTALEZA
Unichampions,RODADA 19,MARINHO,ATACANTE,28.60,SIM,SANTOS
Unichampions,RODADA 19,PEDRO,ATACANTE,5.90,NÃO,FLAMENGO
Unichampions,RODADA 19,ROGÉRIO CENI,TÉCNICO,-0.13,NÃO,FORTALEZA
Unichampions,RODADA 18,FERNANDO PRASS,GOLEIRO,5.40,NÃO,CEARÁ
Unichampions,RODADA 18,JÚNIOR ALONSO,ZAGUEIRO,9.20,NÃO,ATLÉTICO MINEIRO
Unichampions,RODADA 18,LÉO ORTIZ,ZAGUEIRO,6.50,NÃO,BRAGANTINO
Unichampions,RODADA 18,LIGGER,ZAGUEIRO,6.70,NÃO,BRAGANTINO
Unichampions,RODADA 18,ZÉ RAFAEL,MEIA,6.80,NÃO,PALMEIRAS
Unichampions,RODADA 18,CHARLES,MEIA,-1.80,NÃO,CEARÁ
Unichampions,RODADA 18,FRANCO,MEIA,1.60,NÃO,ATLÉTICO MINEIRO
Unichampions,RODADA 18,THIAGO GALHARDO,MEIA,8.00,NÃO,INTERNACIONAL
Unichampions,RODADA 18,CLAUDINHO,ATACANTE,12.20,NÃO,BRAGANTINO
Unichampions,RODADA 18,KENO,ATACANTE,13.00,SIM,ATLÉTICO MINEIRO
Unichampions,RODADA 18,PEDRO,ATACANTE,12.20,NÃO,FLAMENGO
Unichampions,RODADA 18,GUTO FERREIRA,TÉCNICO,3.79,NÃO,CEARÁ
Unichampions,RODADA 17,MURIEL,GOLEIRO,-5.00,NÃO,FLUMINENSE
Unichampions,RODADA 17,RÉVER,ZAGUEIRO,5.50,NÃO,ATLÉTICO MINEIRO
Unichampions,RODADA 17,LÉO ORTIZ,ZAGUEIRO,5.50,NÃO,BRAGANTINO
Unichampions,RODADA 17,MARCELO BENEVENUTO,ZAGUEIRO,4.40,NÃO,BOTAFOGO
Unichampions,RODADA 17,THIAGO GALHARDO,MEIA,16.50,NÃO,INTERNACIONAL
Unichampions,RODADA 17,NENÊ,MEIA,-0.20,NÃO,FLUMINENSE
Unichampions,RODADA 17,FRANCO,MEIA,-1.50,NÃO,ATLÉTICO MINEIRO
Unichampions,RODADA 17,HONDA,MEIA,2.60,NÃO,BOTAFOGO
Unichampions,RODADA 17,ROMARINHO,ATACANTE,2.00,NÃO,FORTALEZA
Unichampions,RODADA 17,BRENNER,ATACANTE,-0.80,NÃO,SÃO PAULO
Unichampions,RODADA 17,KENO,ATACANTE,14.80,SIM,ATLÉTICO MINEIRO
Unichampions,RODADA 17,DOMÈNEC TORRENT,TÉCNICO,7.61,NÃO,FLAMENGO
Unichampions,RODADA 16,JOÃO PAULO,GOLEIRO,-2.60,NÃO,SANTOS
Unichampions,RODADA 16,LUAN PERES,ZAGUEIRO,1.60,NÃO,SANTOS
Unichampions,RODADA 16,FELIPE MELO,ZAGUEIRO,-0.30,NÃO,PALMEIRAS
Unichampions,RODADA 16,VÍCTOR CUESTA,ZAGUEIRO,2.80,NÃO,INTERNACIONAL
Unichampions,RODADA 16,THIAGO GALHARDO,MEIA,13.40,SIM,INTERNACIONAL
Unichampions,RODADA 16,HONDA,MEIA,1.20,NÃO,BOTAFOGO
Unichampions,RODADA 16,EVERTON RIBEIRO,MEIA,0.30,NÃO,FLAMENGO
Unichampions,RODADA 16,ZÉ RAFAEL,MEIA,-0.80,NÃO,PALMEIRAS
Unichampions,RODADA 16,ABEL HERNÁNDEZ,ATACANTE,4.30,NÃO,INTERNACIONAL
Unichampions,RODADA 16,KENO,ATACANTE,2.90,NÃO,ATLÉTICO MINEIRO
Unichampions,RODADA 16,EDUARDO SASHA,ATACANTE,-0.50,NÃO,ATLÉTICO MINEIRO
Unichampions,RODADA 16,CUCA,TÉCNICO,1.62,NÃO,SANTOS
Unichampions,RODADA 15,EVERSON,GOLEIRO,4.60,NÃO,ATLÉTICO MINEIRO
Unichampions,RODADA 15,IAGO MAIDANA,ZAGUEIRO,0.00,NÃO,SPORT
Unichampions,RODADA 15,TIAGO,ZAGUEIRO,1.40,NÃO,CEARÁ
Unichampions,RODADA 15,FELIPE MELO,ZAGUEIRO,3.50,NÃO,PALMEIRAS
Unichampions,RODADA 15,THIAGO GALHARDO,MEIA,9.90,NÃO,INTERNACIONAL
Unichampions,RODADA 15,VINA,MEIA,2.30,NÃO,CEARÁ
Unichampions,RODADA 15,EDSON,MEIA,1.50,NÃO,
Unichampions,RODADA 15,CHARLES,MEIA,5.20,NÃO,CEARÁ
Unichampions,RODADA 15,KENO,ATACANTE,42.20,SIM,ATLÉTICO MINEIRO
Unichampions,RODADA 15,MARRONY,ATACANTE,9.00,NÃO,ATLÉTICO MINEIRO
Unichampions,RODADA 15,BRUNO HENRIQUE,ATACANTE,3.40,NÃO,FLAMENGO
Unichampions,RODADA 15,ROGÉRIO CENI,TÉCNICO,5.55,NÃO,FORTALEZA
Unichampions,RODADA 14,JOÃO PAULO,GOLEIRO,0.80,NÃO,SANTOS
Unichampions,RODADA 14,LUAN PERES,ZAGUEIRO,0.50,NÃO,SANTOS
Unichampions,RODADA 14,SABINO,ZAGUEIRO,1.50,NÃO,CORITIBA
Unichampions,RODADA 14,IAGO MAIDANA,ZAGUEIRO,0.20,NÃO,SPORT
Unichampions,RODADA 14,BOSCHILIA,MEIA,2.90,NÃO,INTERNACIONAL
Unichampions,RODADA 14,DODI,MEIA,3.10,NÃO,FLUMINENSE
Unichampions,RODADA 14,NENÊ,MEIA,14.00,SIM,FLUMINENSE
Unichampions,RODADA 14,RAPHAEL VEIGA,MEIA,2.60,NÃO,PALMEIRAS
Unichampions,RODADA 14,RONY,ATACANTE,-0.80,NÃO,PALMEIRAS
Unichampions,RODADA 14,KENO,ATACANTE,-1.80,NÃO,ATLÉTICO MINEIRO
Unichampions,RODADA 14,WILLIAN,ATACANTE,8.90,NÃO,PALMEIRAS
Unichampions,RODADA 14,CUCA,TÉCNICO,2.63,NÃO,SANTOS
Unichampions,RODADA 13,JOÃO PAULO,GOLEIRO,-6.80,NÃO,SANTOS
Unichampions,RODADA 13,LUAN PERES,ZAGUEIRO,1.30,NÃO,SANTOS
Unichampions,RODADA 13,GUSTAVO GÓMEZ,ZAGUEIRO,0.50,NÃO,PALMEIRAS
Unichampions,RODADA 13,IAGO MAIDANA,ZAGUEIRO,-0.80,NÃO,SPORT
Unichampions,RODADA 13,NENÊ,MEIA,3.20,SIM,FLUMINENSE
Unichampions,RODADA 13,RAPHAEL VEIGA,MEIA,10.80,NÃO,PALMEIRAS
Unichampions,RODADA 13,BOSCHILIA,MEIA,1.40,NÃO,INTERNACIONAL
Unichampions,RODADA 13,DODI,MEIA,7.50,NÃO,FLUMINENSE
Unichampions,RODADA 13,WILLIAN,ATACANTE,9.00,NÃO,PALMEIRAS
Unichampions,RODADA 13,SAVARINO,ATACANTE,5.70,NÃO,ATLÉTICO MINEIRO
Unichampions,RODADA 13,KENO,ATACANTE,9.90,NÃO,ATLÉTICO MINEIRO
Unichampions,RODADA 13,CUCA,TÉCNICO,1.31,NÃO,SANTOS
Unichampions,RODADA 12,FERNANDO MIGUEL,GOLEIRO,8.80,NÃO,VASCO
Unichampions,RODADA 12,JÚNIOR ALONSO,ZAGUEIRO,2.50,NÃO,ATLÉTICO MINEIRO
Unichampions,RODADA 12,LUIZ OTÁVIO,ZAGUEIRO,3.30,NÃO,CEARÁ
Unichampions,RODADA 12,KANU,ZAGUEIRO,-0.90,NÃO,BOTAFOGO
Unichampions,RODADA 12,BOSCHILIA,MEIA,4.90,NÃO,INTERNACIONAL
Unichampions,RODADA 12,THIAGO GALHARDO,MEIA,19.80,SIM,INTERNACIONAL
Unichampions,RODADA 12,VINA,MEIA,7.90,NÃO,CEARÁ
Unichampions,RODADA 12,FERNANDO SOBRAL,MEIA,7.50,NÃO,CEARÁ
Unichampions,RODADA 12,CANO,ATACANTE,2.80,NÃO,VASCO
Unichampions,RODADA 12,SOTELDO,ATACANTE,1.70,NÃO,SANTOS
Unichampions,RODADA 12,EDUARDO SASHA,ATACANTE,5.40,NÃO,ATLÉTICO MINEIRO
Unichampions,RODADA 12,GUTO FERREIRA,TÉCNICO,4.43,NÃO,CEARÁ
Unichampions,RODADA 11,MARCELO LOMBA,GOLEIRO,-2.80,NÃO,INTERNACIONAL
Unichampions,RODADA 11,LUCCAS CLARO,ZAGUEIRO,-0.60,NÃO,FLUMINENSE
Unichampions,RODADA 11,LUAN PERES,ZAGUEIRO,7.30,NÃO,SANTOS
Unichampions,RODADA 11,LUCAS VERÍSSIMO,ZAGUEIRO,5.40,NÃO,SANTOS
Unichampions,RODADA 11,RAPHAEL VEIGA,MEIA,9.70,NÃO,PALMEIRAS
Unichampions,RODADA 11,JAIR,MEIA,0.00,NÃO,ATLÉTICO MINEIRO
Unichampions,RODADA 11,EDENÍLSON,MEIA,0.00,NÃO,INTERNACIONAL
Unichampions,RODADA 11,GABRIEL MENINO,MEIA,-3.10,NÃO,PALMEIRAS
Unichampions,RODADA 11,EDUARDO SASHA,ATACANTE,0.90,NÃO,ATLÉTICO MINEIRO
Unichampions,RODADA 11,MARINHO,ATACANTE,8.60,SIM,SANTOS
Unichampions,RODADA 11,KENO,ATACANTE,26.60,NÃO,ATLÉTICO MINEIRO
Unichampions,RODADA 11,GUTO FERREIRA,TÉCNICO,3.75,NÃO,CEARÁ
Unichampions,RODADA 10,JOÃO PAULO,GOLEIRO,-1.20,NÃO,SANTOS
Unichampions,RODADA 10,PAULO MIRANDA,ZAGUEIRO,0.00,NÃO,GRÊMIO
Unichampions,RODADA 10,GUSTAVO GÓMEZ,ZAGUEIRO,0.00,NÃO,PALMEIRAS
Unichampions,RODADA 10,MIRANDA,ZAGUEIRO,0.20,NÃO,VASCO
Unichampions,RODADA 10,NENÊ,MEIA,16.50,NÃO,FLUMINENSE
Unichampions,RODADA 10,NIKÃO,MEIA,-1.20,NÃO,ATHLÉTICO PARANAENSE
Unichampions,RODADA 10,PATRICK DE PAULA,MEIA,0.00,NÃO,PALMEIRAS
Unichampions,RODADA 10,GABRIEL MENINO,MEIA,2.00,NÃO,PALMEIRAS
Unichampions,RODADA 10,MARRONY,ATACANTE,0.00,NÃO,ATLÉTICO MINEIRO
Unichampions,RODADA 10,GABRIEL,ATACANTE,5.00,SIM,FLAMENGO
Unichampions,RODADA 10,SOTELDO,ATACANTE,2.00,NÃO,SANTOS
Unichampions,RODADA 10,DOMÈNEC TORRENT,TÉCNICO,2.57,NÃO,FLAMENGO
Unichampions,RODADA 9,TIAGO VOLPI,GOLEIRO,-1.10,NÃO,SÃO PAULO
Unichampions,RODADA 9,UENDEL,LATERAL,0.00,NÃO,INTERNACIONAL
Unichampions,RODADA 9,VICTOR LUIS,LATERAL,12.60,NÃO,BOTAFOGO
Unichampions,RODADA 9,DANILO AVELAR,ZAGUEIRO,-5.00,NÃO,CORINTHIANS
Unichampions,RODADA 9,SABINO,ZAGUEIRO,5.10,NÃO,CORITIBA
Unichampions,RODADA 9,EVERTON,MEIA,8.00,NÃO,GRÊMIO
Unichampions,RODADA 9,BOSCHILIA,MEIA,15.20,NÃO,INTERNACIONAL
Unichampions,RODADA 9,EDENÍLSON,MEIA,4.80,NÃO,INTERNACIONAL
Unichampions,RODADA 9,CANO,ATACANTE,15.20,SIM,VASCO
Unichampions,RODADA 9,SOTELDO,ATACANTE,5.20,NÃO,SANTOS
Unichampions,RODADA 9,ROBSON,ATACANTE,9.60,NÃO,CORITIBA
Unichampions,RODADA 9,FERNANDO DINIZ,TÉCNICO,1.96,NÃO,SÃO PAULO
Unichampions,RODADA 8,WEVERTON,GOLEIRO,1.10,NÃO,PALMEIRAS
Unichampions,RODADA 8,ISLA,LATERAL,-0.70,NÃO,FLAMENGO
Unichampions,RODADA 8,FAGNER,LATERAL,9.40,NÃO,CORINTHIANS
Unichampions,RODADA 8,LUCCAS CLARO,ZAGUEIRO,-0.30,NÃO,FLUMINENSE
Unichampions,RODADA 8,VITOR HUGO,ZAGUEIRO,-0.20,SIM,PALMEIRAS
Unichampions,RODADA 8,CANTILLO,MEIA,-2.80,NÃO,CORINTHIANS
Unichampions,RODADA 8,ZÉ RAFAEL,MEIA,6.90,NÃO,PALMEIRAS
Unichampions,RODADA 8,BOSCHILIA,MEIA,0.90,NÃO,INTERNACIONAL
Unichampions,RODADA 8,EVERTON RIBEIRO,MEIA,6.90,NÃO,FLAMENGO
Unichampions,RODADA 8,PABLO,ATACANTE,0.00,NÃO,SÃO PAULO
Unichampions,RODADA 8,DIEGO SOUZA,ATACANTE,-3.00,NÃO,GRÊMIO
Unichampions,RODADA 8,EDUARDO COUDET,TÉCNICO,2.93,NÃO,INTERNACIONAL
Unichampions,RODADA 7,WEVERTON,GOLEIRO,-2.40,NÃO,PALMEIRAS
Unichampions,RODADA 7,TINGA,LATERAL,0.00,NÃO,FORTALEZA
Unichampions,RODADA 7,VIÑA,LATERAL,3.80,NÃO,PALMEIRAS
Unichampions,RODADA 7,LUIZ OTÁVIO,ZAGUEIRO,4.00,NÃO,CEARÁ
Unichampions,RODADA 7,GIL,ZAGUEIRO,1.20,NÃO,CORINTHIANS
Unichampions,RODADA 7,GABRIEL MENINO,MEIA,2.00,NÃO,PALMEIRAS
Unichampions,RODADA 7,NENÊ,MEIA,5.70,NÃO,FLUMINENSE
Unichampions,RODADA 7,DODI,MEIA,4.90,NÃO,FLUMINENSE
Unichampions,RODADA 7,BRUNO NAZÁRIO,MEIA,0.30,NÃO,BOTAFOGO
Unichampions,RODADA 7,SOTELDO,ATACANTE,18.40,SIM,SANTOS
Unichampions,RODADA 7,JÔ,ATACANTE,1.50,NÃO,CORINTHIANS
Unichampions,RODADA 7,CUCA,TÉCNICO,4.04,NÃO,SANTOS
Unichampions,RODADA 6,WEVERTON,GOLEIRO,-3.00,NÃO,PALMEIRAS
Unichampions,RODADA 6,VIÑA,LATERAL,0.00,NÃO,PALMEIRAS
Unichampions,RODADA 6,TINGA,LATERAL,7.10,NÃO,FORTALEZA
Unichampions,RODADA 6,GIL,ZAGUEIRO,-0.50,NÃO,CORINTHIANS
Unichampions,RODADA 6,LUIZ OTÁVIO,ZAGUEIRO,0.00,NÃO,CEARÁ
Unichampions,RODADA 6,GABRIEL MENINO,MEIA,-0.60,NÃO,PALMEIRAS
Unichampions,RODADA 6,DODI,MEIA,13.30,NÃO,FLUMINENSE
Unichampions,RODADA 6,BRUNO NAZÁRIO,MEIA,0.30,NÃO,BOTAFOGO
Unichampions,RODADA 6,NENÊ,MEIA,2.90,NÃO,FLUMINENSE
Unichampions,RODADA 6,SOTELDO,ATACANTE,-0.60,SIM,SANTOS
Unichampions,RODADA 6,JÔ,ATACANTE,1.20,NÃO,CORINTHIANS
Unichampions,RODADA 6,CUCA,TÉCNICO,2.25,NÃO,SANTOS
Unichampions,RODADA 5,ANDERSON,GOLEIRO,0.00,NÃO,BAHIA
Unichampions,RODADA 5,FAGNER,LATERAL,3.70,NÃO,CORINTHIANS
Unichampions,RODADA 5,NINO PARAÍBA,LATERAL,0.00,NÃO,BAHIA
Unichampions,RODADA 5,JUNINHO,ZAGUEIRO,3.40,NÃO,BAHIA
Unichampions,RODADA 5,ERNANDO,ZAGUEIRO,0.20,NÃO,BAHIA
Unichampions,RODADA 5,JORGINHO,MEIA,3.90,NÃO,ATLÉTICO GOIANIENSE
Unichampions,RODADA 5,ALISON,MEIA,-0.60,NÃO,SANTOS
Unichampions,RODADA 5,GUSTAVO FERRAREIS,MEIA,2.50,NÃO,ATLÉTICO GOIANIENSE
Unichampions,RODADA 5,GREGORE,MEIA,-4.40,SIM,BAHIA
Unichampions,RODADA 5,PABLO,ATACANTE,7.20,NÃO,SÃO PAULO
Unichampions,RODADA 5,GILBERTO,ATACANTE,-1.10,NÃO,BAHIA
Unichampions,RODADA 5,ROGER MACHADO,TÉCNICO,1.74,NÃO,BAHIA
Unichampions,RODADA 4,FERNANDO MIGUEL,GOLEIRO,3.90,NÃO,VASCO
Unichampions,RODADA 4,TINGA,LATERAL,6.10,NÃO,FORTALEZA
Unichampions,RODADA 4,HENRIQUE,LATERAL,5.30,NÃO,VASCO
Unichampions,RODADA 4,GIL,ZAGUEIRO,-0.40,NÃO,CORINTHIANS
Unichampions,RODADA 4,DANILO AVELAR,ZAGUEIRO,2.50,NÃO,CORINTHIANS
Unichampions,RODADA 4,IGOR GOMES,MEIA,-0.20,NÃO,SÃO PAULO
Unichampions,RODADA 4,FELIPE,MEIA,3.60,NÃO,FORTALEZA
Unichampions,RODADA 4,PATRICK DE PAULA,MEIA,2.50,NÃO,PALMEIRAS
Unichampions,RODADA 4,HYORAN,MEIA,2.40,NÃO,ATLÉTICO MINEIRO
Unichampions,RODADA 4,JÔ,ATACANTE,14.20,SIM,CORINTHIANS
Unichampions,RODADA 4,LUIZ ADRIANO,ATACANTE,1.60,NÃO,PALMEIRAS
Unichampions,RODADA 4,TIAGO NUNES,TÉCNICO,5.52,NÃO,CORINTHIANS
Unichampions,RODADA 3,JEAN,GOLEIRO,4.60,NÃO,ATLÉTICO GOIANIENSE
Unichampions,RODADA 3,OREJUELA,LATERAL,5.40,NÃO,GRÊMIO
Unichampions,RODADA 3,MARCOS ROCHA,LATERAL,3.70,NÃO,PALMEIRAS
Unichampions,RODADA 3,THIAGO HELENO,ZAGUEIRO,1.30,NÃO,ATHLÉTICO PARANAENSE
Unichampions,RODADA 3,RÉVER,ZAGUEIRO,5.00,NÃO,ATLÉTICO MINEIRO
Unichampions,RODADA 3,BOSCHILIA,MEIA,-2.60,NÃO,INTERNACIONAL
Unichampions,RODADA 3,ALLAN,MEIA,3.10,NÃO,ATLÉTICO MINEIRO
Unichampions,RODADA 3,BRUNO NAZÁRIO,MEIA,0.10,NÃO,BOTAFOGO
Unichampions,RODADA 3,FLÁVIO,MEIA,0.00,NÃO,BAHIA
Unichampions,RODADA 3,GABRIEL,ATACANTE,3.70,NÃO,FLAMENGO
Unichampions,RODADA 3,ÉLBER,ATACANTE,18.60,SIM,BAHIA
Unichampions,RODADA 3,RENATO GAÚCHO,TÉCNICO,5.15,NÃO,GRÊMIO
Unichampions,RODADA 2,FERNANDO MIGUEL,GOLEIRO,7.80,NÃO,VASCO
Unichampions,RODADA 2,VICTOR LUIS,LATERAL,2.80,NÃO,BOTAFOGO
Unichampions,RODADA 2,RAFINHA,LATERAL,-0.90,NÃO,
Unichampions,RODADA 2,JÚNIOR ALONSO,ZAGUEIRO,5.10,NÃO,ATLÉTICO MINEIRO
Unichampions,RODADA 2,JUNINHO,ZAGUEIRO,5.90,NÃO,BAHIA
Unichampions,RODADA 2,EVERTON RIBEIRO,MEIA,-0.70,NÃO,FLAMENGO
Unichampions,RODADA 2,IGOR GOMES,MEIA,-4.20,SIM,SÃO PAULO
Unichampions,RODADA 2,ALLAN,MEIA,1.40,NÃO,ATLÉTICO MINEIRO
Unichampions,RODADA 2,NATHAN,MEIA,10.20,NÃO,ATLÉTICO MINEIRO
Unichampions,RODADA 2,CANO,ATACANTE,1.90,NÃO,VASCO
Unichampions,RODADA 2,GABRIEL,ATACANTE,2.90,NÃO,FLAMENGO
Unichampions,RODADA 2,FERNANDO DINIZ,TÉCNICO,5.41,NÃO,SÃO PAULO
Unichampions,RODADA 1,VLADIMIR,GOLEIRO,1.20,NÃO,SANTOS
Unichampions,RODADA 1,FILIPE LUÍS,LATERAL,-4.70,NÃO,FLAMENGO
Unichampions,RODADA 1,PARÁ,LATERAL,4.20,NÃO,SANTOS
Unichampions,RODADA 1,PEDRO GEROMEL,ZAGUEIRO,8.30,NÃO,GRÊMIO
Unichampions,RODADA 1,LÉO PEREIRA,ZAGUEIRO,-0.60,NÃO,FLAMENGO
Unichampions,RODADA 1,VITOR BUENO,MEIA,0.00,NÃO,SÃO PAULO
Unichampions,RODADA 1,IGOR GOMES,MEIA,0.00,SIM,SÃO PAULO
Unichampions,RODADA 1,WILLIAN ARÃO,MEIA,5.20,NÃO,FLAMENGO
Unichampions,RODADA 1,DANIEL ALVES,MEIA,0.00,NÃO,SÃO PAULO
Unichampions,RODADA 1,SOTELDO,ATACANTE,0.30,NÃO,SANTOS
Unichampions,RODADA 1,GABRIEL,ATACANTE,3.00,NÃO,FLAMENGO
Unichampions,RODADA 1,DORIVAL JÚNIOR,TÉCNICO,6.31,NÃO,ATHLÉTICO PARANAENSE
